Site Number,Pb_Content,Longitude,Latitude,
0,455,-75.115734,39.976646, 
1,867,-75.115863,39.976662,
2,315,-75.115592,39.976635,
3,705,-75.115842,39.976736,
4,176,-75.116700,39.980600,
5,183,-75.116900,39.980200,
6,161,-75.116500,39.977700,
7,227,-75.116600,39.979200,
8,92,-75.116100,39.979600,
9,168,-75.130478,39.970949,
10,102,-75.130438,39.970869,
11,56,-75.130379,39.970892,
12,1760,-75.126400,39.972500,
13,1966,-75.126400,39.972500,
14,821,-75.126500,39.972500,
15,1052,-75.126500,39.972500,
16,137,-75.127600,39.971800,
17,147,-75.127600,39.971900,
18,69,-75.127800,39.971800,
19,94,-75.128000,39.971700,
20,517,-75.123037,39.981730,
21,543,-75.123103,39.981703,
22,98,-75.126676,39.978853,
23,179,-75.126638,39.978864,
24,458,-75.130023,39.971182,
25,541,-75.130003,39.971148,
26,70,-75.111000,39.978700,
27,109,-75.110900,39.979800,
28,68,-75.110900,39.980400,
29,46,-75.112200,39.980000,
30,76,-75.112300,39.979000,
31,93,-75.112200,39.979000,
32,65,-75.112400,39.979100,
33,217,-75.112200,39.979000,
34,258,-75.112000,39.978800,
35,47,-75.110200,39.979000,
36,690,-75.110300,39.979800,
37,429,-75.110300,39.979700,
38,184,-75.110500,39.979900,
39,238,-75.110600,39.979800,
40,228,-75.110600,39.979800,
41,127,-75.110700,39.979800,
42,123,-75.110700,39.979700,
43,103,-75.110800,39.979700,
44,103,-75.112100,39.979000,
45,149,-75.109800,39.979300,
46,160,-75.109600,39.979500,
47,29,-75.108100,39.979300,
48,25,-75.108200,39.979500,
49,458,-75.108400,39.979700,
50,468,-75.108500,39.979600,
51,558,-75.108500,39.979600,
52,389,-75.108400,39.979500,
53,Not detected,-75.106500,39.981500,
54,34,-75.106600,39.981300,
55,255,-75.107300,39.982200,
56,40,-75.107400,39.982200,
57,218,-75.108500,39.982500,
58,296,-75.108700,39.982400,
59,111,-75.109000,39.982300,
60,114,-75.109200,39.982500,
61,94,-75.108700,39.982800,
62,331,-75.110800,39.980400,
63,654,-75.114600,39.982300,
64,305,-75.114500,39.982500,
65,460,-75.122100,39.977100,
66,514,-75.112000,39.977200,
67,857,-75.122000,39.977200,
68,330,-75.122100,39.977200,
69,807,-75.121900,39.977200,
70,268,-75.124000,39.972500,
71,686,-75.119100,39.974200,
72,2332,-75.118900,39.974300,
73,657,-75.118700,39.974500,
74,547,-75.118500,39.974600,
75,272,-75.118300,39.974600,
76,137,-75.118100,39.974700,
77,Not detected,-75.117900,39.974800,
78,281,-75.117500,39.975000,
79,308,-75.117300,39.974700,
80,608,-75.121400,39.976700,
81,126,-75.125100,39.976600,
82,485,-75.124500,39.976200,
83,545,-75.124600,39.976200,
84,141,-75.123600,39.975000,
85,374,-75.123600,39.975000,
86,1042,-75.123200,39.973700,
87,532,-75.129357,39.968956,
88,323,-75.129334,39.968916,
89,74,-75.130423,39.970918,
90,137,-75.130416,39.970969,
91,346,-75.129763,39.971353,
92,340,-75.129752,39.971375,
93,353,-75.129768,39.971398,
94,91,-75.130700,39.971100,
95,226,-75.129600,39.971500,
96,79,-75.131100,39.971600,
97,234,-75.131387,39.969328,
98,570,-75.131437,39.969315,
99,226,-75.131400,39.969700,
100,54,-75.129900,39.968900,
101,23,-75.127800,39.971600,
102,99,-75.128400,39.971500,
103,256,-75.130100,39.969500,
104,159,-75.129500,39.968500,
105,312,-75.126300,39.970400,
106,383,-75.125800,39.970500,
107,350,-75.125300,39.970700,
108,758,-75.120000,39.978400,
109,268,-75.120500,39.977900,
110,1240,-75.120400,39.978000,
111,689,-75.120400,39.978000,
112,651,-75.120200,39.978100,
113,49,-75.120300,39.978100,
114,710,-75.120300,39.978100,
115,878,-75.120200,39.978100,
116,67,-75.120100,39.978200,
117,299,-75.112000,39.978800,
118,408,-75.111900,39.978600,
119,106,-75.111700,39.978400,
120,73,-75.111200,39.978600,
121,310,-75.112000,39.979600,
122,243,-75.113900,39.981800,
123,121,-75.111000,39.979600,
124,295,-75.111100,39.979400,
125,87,-75.111100,39.980300,
126,101,-75.111000,39.980500,
127,209,-75.111400,39.980300,
128,174,-75.112500,39.980100,
129,61,-75.112400,39.980400,
130,100,-75.112800,39.980700,
131,68,-75.110900,39.978200,
132,52,-75.110800,39.978000,
133,72,-75.111000,39.978400,
134,450,-75.113800,39.980700,
135,439,-75.113400,39.980400,
136,42,-75.113400,39.980300,
137,807,-75.113200,39.980100,
138,477,-75.113200,39.980000,
139,263,-75.113000,39.983700,
140,452,-75.113100,39.983700,
141,96,-75.113200,39.983900,
142,41,-75.113200,39.984200,
143,80,-75.113000,39.984200,
144,237,-75.112700,39.984300,
145,260,-75.112500,39.984500,
146,150,-75.112300,39.984600,
147,233,-75.112100,39.984700,
148,165,-75.111900,39.984800,
149,172,-75.111600,39.984900,
150,442,-75.111400,39.985000,
151,306,-75.111200,39.985100,
152,330,-75.108300,39.979400,
153,142,-75.110800,39.980400,
154,145,-75.109300,39.979200,
155,51,-75.109500,39.979100,
156,146,-75.109600,39.979000,
157,273,-75.109800,39.979000,
158,127,-75.109900,39.978900,
159,103,-75.110000,39.978800,
160,141,-75.110100,39.978800,
161,365,-75.110400,39.978700,
162,200,-75.110500,39.978600,
163,54,-75.110600,39.978300,
164,213,-75.109800,39.978400,
165,141,-75.109400,39.978500,
166,273,-75.114400,39.982800,
167,448,-75.112900,39.983600,
168,322,-75.112700,39.983800,
169,319,-75.112500,39.983900,
170,229,-75.112100,39.983900,
171,139,-75.112000,39.983800,
172,265,-75.111800,39.983500,
173,97,-75.112000,39.983400,
174,86,-75.112100,39.983400,
175,106,-75.112300,39.983200,
176,1322,-75.109800,39.983200,
177,839,-75.109700,39.983000,
178,42,-75.110600,39.984200,
179,187,-75.110700,39.984000,
180,98,-75.111000,39.983800,
181,197,-75.111300,39.983700,
182,Not detected,-75.111700,39.983800,
183,111,-75.111500,39.984300,
184,206,-75.110700,39.984300,
185,201,-75.110800,39.984500,
186,72,-75.111000,39.984800,
187,54,-75.111300,39.984800,
188,74,-75.112000,39.984300,
189,113,-75.112400,39.984000,
190,81,-75.112300,39.984100,
191,169,-75.111600,39.983500,
192,20,-75.110900,39.982600,
193,95,-75.108800,39.980000,
194,290,-75.111700,39.978200,
195,328,-75.112300,39.977600,
196,469,-75.112400,39.977600,
197,37,-75.112500,39.977500,
198,141,-75.112600,39.977500,
199,172,-75.112700,39.977500,
200,435,-75.112800,39.977400,
201,564,-75.113300,39.977200,
202,415,-75.113800,39.976800,
203,198,-75.114100,39.976700,
204,1027,-75.114400,39.976700,
205,221,-75.114600,39.976500,
206,522,-75.115100,39.976200,
207,324,-75.115800,39.975900,
208,74,-75.111500,39.978500,
209,46,-75.111500,39.978500,
210,207,-75.125000,39.975700,
211,42,-75.125100,39.975600,
212,50,-75.124800,39.975400,
213,99,-75.123800,39.974800,
214,67,-75.123100,39.974500,
215,223,-75.124100,39.973800,
216,1513,-75.124000,39.973700,
217,92,-75.123900,39.973500,
218,171,-75.123200,39.973700,
219,44,-75.122100,39.976800,
220,Not detected,-75.112000,39.976700,
221,370,-75.121700,39.976800,
222,325,-75.121700,39.976900,
223,89,-75.122100,39.976900,
224,323,-75.121600,39.977000,
225,600,-75.121400,39.976900,
226,334,-75.121000,39.976600,
227,64,-75.120300,39.976700,
228,84,-75.120400,39.976500,
229,166,-75.120500,39.976200,
230,353,-75.125100,39.973000,
231,292,-75.125100,39.973000,
232,383,-75.123000,39.973800,
233,338,-75.122900,39.973800,
234,225,-75.114300,39.976500,
235,280,-75.122200,39.974400,
236,466,-75.123400,39.975200,
237,79,-75.124100,39.975700,
238,64,-75.124500,39.975900,
239,449,-75.123500,39.974500,
240,182,-75.125900,39.977400,
241,131,-75.125500,39.977700,
242,461,-75.120000,39.977500,
243,736,-75.119200,39.979400,
244,118,-75.119100,39.979200,
245,25,-75.119300,39.978900,
246,645,-75.119700,39.978300,
247,3226,-75.119900,39.978300,
248,1900,-75.120100,39.978200,
249,466,-75.120300,39.978200,
250,105,-75.117300,39.975400,
251,171,-75.117800,39.975100,
252,330,-75.118500,39.975100,
253,125,-75.117800,39.975600,
254,215,-75.118000,39.976200,
255,995,-75.118500,39.976600,
256,37,-75.118600,39.976700,
257,790,-75.119000,39.976200,
258,188,-75.119100,39.975700,
259,239,-75.118800,39.975200,
260,351,-75.118800,39.975100,
261,249,-75.118800,39.974900,
262,341,-75.120500,39.973600,
263,278,-75.120600,39.973500,
264,274,-75.120700,39.973500,
265,319,-75.120800,39.973500,
266,1101,-75.121000,39.973500,
267,334,-75.121100,39.973400,
268,818,-75.121200,39.973400,
269,286,-75.121500,39.973400,
270,250,-75.121600,39.973400,
271,296,-75.121600,39.973700,
272,403,-75.121600,39.974300,
273,390,-75.121600,39.974400,
274,437,-75.121500,39.974600,
275,212,-75.121400,39.974700,
276,1138,-75.121800,39.976000,
277,291,-75.121700,39.976000,
278,161,-75.121600,39.976000,
279,327,-75.121500,39.976200,
280,235,-75.121500,39.976200,
281,489,-75.121500,39.976300,
282,1186,-75.121600,39.976300,
283,22,-75.122400,39.976700,
284,150,-75.120600,39.976100,
285,224,-75.120600,39.976000,
286,180,-75.120700,39.975900,
287,83,-75.120700,39.975800,
288,82,-75.120300,39.976700,
289,98,-75.120200,39.976700,
290,66,-75.119000,39.979700,
291,142,-75.119000,39.979400,
292,20,-75.118900,39.979500,
293,64,-75.118700,39.979400,
294,180,-75.118500,39.979300,
295,147,-75.118500,39.979500,
296,304,-75.118300,39.979700,
297,325,-75.118200,39.979900,
298,170,-75.118000,39.980400,
299,167,-75.117900,39.980600,
300,211,-75.117800,39.980800,
301,873,-75.117700,39.981000,
302,777,-75.117600,39.981300,
303,270,-75.117700,39.981600,
304,216,-75.117900,39.981700,
305,242,-75.118200,39.981100,
306,220,-75.118400,39.981100,
307,249,-75.119100,39.980600,
308,97,-75.119300,39.980500,
309,25,-75.119200,39.980400,
310,465,-75.129200,39.969100,
311,319,-75.131500,39.969400,
312,175,-75.131500,39.969600,
313,84,-75.131200,39.969800,
314,275,-75.129500,39.968600,
315,386,-75.127600,39.969400,
316,660,-75.129540,39.968764,
317,612,-75.129480,39.968781,
318,801,-75.129397,39.968803,
319,642,-75.129260,39.968815,
320,425,-75.127000,39.969500,
321,147,-75.127200,39.970000,
322,497,-75.130100,39.970800,
323,83,-75.130700,39.971100,
324,173,-75.130300,39.971200,
325,203,-75.130000,39.971300,
326,617,-75.129606,39.971945,
327,867,-75.129564,39.971866,
328,522,-75.129498,39.971928,
329,312,-75.129409,39.971955,
330,427,-75.129430,39.971996,
331,62,-75.110600,39.980300,
332,33,-75.209587,39.949023,
333,171,-75.209201,39.949030,
334,130,-75.210395,39.948781,
335,134,-75.209921,39.947623,
336,378,-75.209781,39.947119,
337,168,-75.209359,39.947872,
338,321,-75.209816,39.947758,
339,191,-75.209631,39.947469,
340,232,-75.209105,39.947099,
341,269,-75.210053,39.946910,
342,76,-75.217044,39.942399,
343,109,-75.217044,39.942366,
344,45,-75.217148,39.942105,
345,150,-75.217258,39.942044,
346,28,-75.217588,39.942194,
347,20,-75.217767,39.942377,
348,243,-75.218245,39.942874,
349,131,-75.216637,39.943267,
350,277,-75.210094,39.942395,
351,188,-75.209743,39.941969,
352,274,-75.210188,39.941978,
353,212,-75.210859,39.942002,
354,177,-75.209951,39.941491,
355,30,-75.149900,39.996843,
356,67,-75.149757,39.996913,
357,19,-75.149249,39.996756,
358,59,-75.148962,39.996756,
359,147,-75.151884,39.985948,
360,196,-75.151739,39.985997,
361,32,-75.151548,39.986163,
362,138,-75.151637,39.986258,
363,201,-75.152111,39.986384,
364,134,-75.100080,40.046632,
365,104,-75.100509,40.046236,
366,79,-75.100909,40.045982,
367,68,-75.100904,40.045736,
368,75,-75.101195,40.045929,
369,117,-75.102232,40.046609,
370,112,-75.103093,40.047165,
371,51,-75.102355,40.047465,
372,16,-75.101705,40.047615,
373,68,-75.101245,40.047381,
374,84,-75.198013,39.960359,
375,1072,-75.198388,39.960662,
376,55,-75.198989,39.960539,
377,49,-75.199124,39.960332,
378,102,-75.199047,39.959698,
379,320,-75.198731,39.959533,
380,68,-75.198792,39.959738,
381,114,-75.199082,39.959694,
382,541,-75.199539,39.959957,
383,92,-75.198776,39.959914,
384,100,-75.198834,39.960045,
385,48,-75.198817,39.959965,
386,128,-75.178896,39.955448,
387,89,-75.173840,39.954967,
388,208,-75.173840,39.938083,
389,144,-75.198074,39.941810,
390,60,-75.198153,39.942388,
391,106,-75.198721,39.942512,
392,49,-75.199636,39.942824,
393,143,-75.199654,39.942793,
394,75,-75.203514,39.942059,
395,173,-75.202069,39.942993,
396,82,-75.204277,39.940900,
397,198,-75.203436,39.948599,
398,70,-75.204392,39.948218,
399,228,-75.205394,39.947167,
400,542,-75.204847,39.946120,
401,249,-75.204451,39.945205,
402,158,-75.202259,39.944791,
403,211,-75.200466,39.945517,
404,139,-75.200296,39.946686,
405,32,-75.200663,39.947444,
406,141,-75.201634,39.949110,
407,78,-75.197493,39.959948,
408,231,-75.198264,39.959518,
409,143,-75.161727,40.006293,
410,146,-75.161832,40.006173,
411,71,-75.161056,40.006521,
412,84,-75.161647,40.007416,
413,216,-75.162039,40.007801,
414,1513,-75.161672,40.008017,
415,289,-75.161743,40.008093,
416,84,-75.162300,40.008028,
417,621,-75.165393,40.006442,
418,36,-75.165733,40.002164,
419,89,-75.165641,40.001849,
420,195,-75.167542,39.994094,
421,66,-75.167354,39.993730,
422,147,-75.167354,39.993730,
423,702,-75.117759,39.977291,
424,128,-75.117815,39.977216,
425,1083,-75.119333,39.977115,
426,3029,-75.119429,39.976857,
427,10,-75.118299,39.980853,
428,81,-75.118385,39.980843,
429,119,-75.118557,39.980425,
430,154,-75.118807,39.979718,
431,19,-75.119316,39.980709,
432,817,-75.118705,39.980926,
433,99,-75.128025,39.966462,
434,218,-75.127900,39.966604,
435,237,-75.128231,39.966757,
436,61,-75.128253,39.966279,
437,118,-75.128501,39.966043,
438,226,-75.128746,39.965960,
439,142,-75.129878,39.966010,
440,158,-75.129293,39.966285,
441,191,-75.137052,39.967069,
442,106,-75.178200,39.978229,
443,50,-75.178553,39.978060,
444,98,-75.178666,39.978120,
445,104,-75.178619,39.978135,
446,52,-75.179075,39.977884,
447,32,-75.178835,39.977319,
448,176,-75.178656,39.977621,
449,179,-75.179694,39.977431,
450,132,-75.179969,39.977550,
451,254,-75.179685,39.978183,
452,60,-75.187534,39.977016,
453,107,-75.187906,39.976847,
454,54,-75.187813,39.977165,
455,107,-75.187872,39.977132,
456,84,-75.120128,39.978265,
457,914,-75.120170,39.978248,
458,54,-75.118302,39.976812,
459,34,-75.118576,39.976689,
460,162,-75.151044,39.966342,
461,178,-75.151382,39.966474,
462,233,-75.151274,39.966442,
463,155,-75.151320,39.966552,
464,475,-75.151434,39.966397,
465,213,-75.151423,39.966426,
466,165,-75.151307,39.966348,
467,237,-75.151222,39.966062,
468,116,-75.149957,39.968959,
469,86,-75.038618,40.024122,
470,139,-75.174400,40.070900,
471,129,-75.149178,40.033533,
472,221,-75.148700,40.055500,
473,961,-75.173426,40.062752,
474,61,-75.103257,40.050089,
475,406,-75.154758,40.067199,
476,1866,-75.174300,40.071000,
477,142,-75.105650,40.042640,
478,505,-75.151990,40.068770,
479,96,-75.156600,40.051800,
480,1869,-75.172800,40.046300,
481,277,-75.105950,40.042640,
482,189,-75.105950,40.042600,
483,291,-75.152900,40.061900,
484,67,-75.179900,40.072100,
485,113,-75.174685,40.070869,
486,175,-75.210114,39.953700,
487,153,-75.105950,40.042640,
488,280,-75.152650,40.070047,
489,1917,-75.134114,40.031531,
490,72,-75.169660,40.056497,
491,970,-75.086400,40.033000,
492,510,-75.166800,40.021000,
493,106,-75.171000,40.072100,
494,290,-75.166201,40.067372,
495,214,-75.164331,40.032572,
496,307,-75.154100,40.041700,
497,61,-75.098894,40.053315,
498,218,-75.105950,40.042640,
499,150,-75.147626,40.048441,
500,661,-75.178900,40.067800,
501,125,-75.103300,40.010500,
502,60,-75.142233,40.025203,
503,116,-75.171260,40.025730,
504,4685,-75.202013,40.065078,
505,50,-75.180900,40.071900,
506,158,-75.179299,39.975178,
507,109,-75.171900,40.059500,
508,345,-75.208410,40.024226,
509,155,-75.149098,40.038983,
510,221,-75.124613,39.988841,
511,89,-75.184923,40.024481,
512,77,-75.123768,39.988063,
513,361,-75.125220,39.989426,
514,263,-75.087061,40.019944,
515,115,-75.166200,40.068900,
516,140,-75.070550,40.001988,
517,561,-75.208410,40.044226,
518,1197,-75.208411,40.044226,
519,707,-75.089153,40.017289,
520,206,-75.172526,39.923839,
521,277,-75.208410,40.044226,
522,100,-75.128964,40.052693,
523,297,-75.175200,40.052800,
524,456,-75.208410,40.044226,
525,104,-75.087872,40.017361,
526,289,-75.110569,39.983831,
527,18064,-75.188096,39.992074,
528,15069,-75.188096,39.992074,
529,14988,-75.188096,39.992074,
530,11241,-75.188096,39.992074,
531,9883,-75.129705,39.973230,
532,7700,-75.127690,39.975100,
533,7665,-75.188096,39.992074,
534,7373,-75.069986,40.039007,
535,7015,-75.188096,39.992074,
536,5341,-75.220965,39.949689,
537,4805,-75.129822,39.977514,
538,4507,-75.069986,40.039007,
539,4448,-75.212260,39.946495,
540,4422,-75.126722,39.986154,
541,4312,-75.203451,39.969468,
542,3600,-75.134144,40.052596,
543,3573,-75.132540,39.971178,
544,3425,-75.126132,39.970467,
545,3392,-75.212260,39.946495,
546,3208,-75.126132,39.970467,
547,3200,-75.176088,39.964306,
548,3100,-75.191260,39.962151,
549,3018,-75.117213,39.978477,
550,2904,-75.117204,39.977289,
551,2900,-75.194299,39.961823,
552,2774,-75.121004,39.977739,
553,2765,-75.117213,39.978477,
554,2763,-75.116714,39.976740,
555,2744,-75.220965,39.949689,
556,2500,-75.191297,40.058053,
557,2500,-75.119002,39.975619,
558,2400,-75.187377,39.981380,
559,2400,-75.122156,39.981853,
560,2357,-75.120946,39.978667,
561,2354,-75.120502,39.978151,
562,2323,-75.091047,40.016392,
563,2300,-75.167316,39.935466,
564,2300,-75.128535,39.982398,
565,2279,-75.162180,39.952220,
566,2278,-75.117213,39.978477,
567,2200,-75.175336,39.990301,
568,2200,-75.213338,40.021446,
569,2144,-75.121004,39.977739,
570,2141,-75.162180,39.952220,
571,2109,-75.162180,39.952220,
572,2100,-75.132530,39.971104,
573,2051,-75.155004,39.922920,
574,2006,-75.188096,39.992074,
575,2000,-75.178675,39.978625,
576,1982,-75.128170,39.982059,
577,1900,-75.146769,39.963236,
578,1900,-75.206321,40.077563,
579,1819,-75.116502,39.977658,
580,1808,-75.128170,39.982059,
581,1800,-75.192921,39.961967,
582,1800,-75.116576,39.976844,
583,1800,-75.219193,40.029975,
584,1783,-75.122451,39.979404,
585,1718,-75.123827,39.980924,
586,1713,-75.217581,39.945020,
587,1701,-75.132540,39.971178,
588,1700,-75.146769,39.963236,
589,1700,-75.131871,39.969889,
590,1691,-75.125336,39.970764,
591,1647,-75.210631,39.962504,
592,1632,-75.130497,39.976317,
593,1600,-75.212003,39.954006,
594,1600,-75.145887,39.966827,
595,1600,-75.132530,39.971104,
596,1593,-75.123827,39.980924,
597,1536,-75.188096,39.992074,
598,1523,-75.188513,40.035000,
599,1500,-75.148443,39.944961,
600,1500,-75.123827,39.980924,
601,1499,-75.130497,39.976317,
602,1493,-75.223118,39.947626,
603,1478,-75.117861,39.979215,
604,1468,-75.117913,39.978193,
605,1460,-75.223118,39.947626,
606,1448,-75.165017,40.025799,
607,1445,-75.123270,39.980340,
608,1442,-75.157836,40.002210,
609,1439,-75.163441,39.951526,
610,1400,-75.155904,39.962867,
611,1400,-75.142914,39.971132,
612,1400,-75.133132,39.974614,
613,1400,-75.129456,39.978148,
614,1400,-75.127361,39.979062,
615,1400,-75.122420,39.979498,
616,1372,-75.117861,39.979215,
617,1371,-75.116281,39.977406,
618,1364,-75.143089,40.006805,
619,1349,-75.135031,40.050934,
620,1339,-75.188096,39.992074,
621,1323,-75.163441,39.951526,
622,1322,-75.210631,39.962504,
623,1321,-75.132653,39.975372,
624,1318,-75.163441,39.951526,
625,1313,-75.128170,39.982059,
626,1312,-75.210631,39.962504,
627,1300,-75.148020,39.953630,
628,1300,-75.180145,40.039117,
629,1300,-75.140905,39.984548,
630,1285,-75.120946,39.978667,
631,1284,-75.169965,39.992759,
632,1280,-75.121004,39.977739,
633,1278,-75.089623,39.989088,
634,1275,-75.122451,39.979404,
635,1269,-75.198425,40.044915,
636,1260,-75.131730,39.969720,
637,1247,-75.117913,39.978193,
638,1235,-75.116502,39.977658,
639,1221,-75.220229,39.964742,
640,1205,-75.125542,39.986775,
641,1204,-75.117213,39.978477,
642,1200,-75.171946,39.929584,
643,1200,-75.152844,39.962321,
644,1200,-75.136114,39.965775,
645,1200,-75.142914,39.971132,
646,1200,-75.144726,39.975525,
647,1200,-75.127481,39.972210,
648,1197,-75.116281,39.977406,
649,1196,-75.127333,39.983085,
650,1187,-75.220940,39.954582,
651,1162,-75.157968,39.986424,
652,1133,-75.222063,39.954078,
653,1129,-75.122451,39.979404,
654,1116,-75.120374,39.978955,
655,1112,-75.187977,40.052019,
656,1109,-75.120374,39.978955,
657,1108,-75.069986,40.039007,
658,1107,-75.131730,39.969720,
659,1104,-75.132193,39.976146,
660,1100,-75.188096,39.992074,
661,1100,-75.166863,39.927680,
662,1100,-75.174382,39.964705,
663,1100,-75.141061,39.962843,
664,1100,-75.127690,39.975100,
665,1100,-75.122420,39.979498,
666,1100,-75.123827,39.980924,
667,1100,-75.127901,39.969856,
668,1100,-75.125451,39.970919,
669,1100,-75.116576,39.976844,
670,1100,-75.143231,39.984654,
671,1100,-75.147154,39.988197,
672,1098,-75.230712,39.950882,
673,1097,-75.117861,39.979215,
674,1095,-75.162180,39.952220,
675,1093,-75.069986,40.039007,
676,1092,-75.126704,39.973221,
677,1087,-75.129835,39.969045,
678,1072,-75.116502,39.977658,
679,1071,-75.132414,39.966849,
680,1059,-75.132540,39.971178,
681,1058,-75.217781,39.947135,
682,1055,-75.165335,40.024051,
683,1053,-75.165335,40.024051,
684,1047,-75.123873,39.974724,
685,1045,-75.120943,39.978756,
686,1029,-75.176626,40.034086,
687,1024,-75.212031,39.946245,
688,1021,-75.124453,39.981663,
689,1016,-75.116502,39.977658,
690,1012,-75.162180,39.952220,
691,1004,-75.212672,39.944778,
692,1000,-75.145887,39.966827,
693,1000,-75.146058,39.969437,
694,1000,-75.131871,39.969889,
695,1000,-75.124754,39.978301,
696,1000,-75.132653,40.002072,
697,1000,-75.129874,39.973171,
698,1000,-75.109470,39.988120,
699,992,-75.131852,39.977829,
700,990,-75.202268,39.955626,
701,990,-75.143464,40.005133,
702,990,-75.127361,39.979062,
703,990,-75.141500,39.965960,
704,990,-75.141500,39.965960,
705,988,-75.116151,39.976092,
706,986,-75.120943,39.978756,
707,979,-75.093273,39.993201,
708,970,-75.132636,39.969446,
709,970,-75.127361,39.979062,
710,970,-75.131871,39.969889,
711,960,-75.165613,39.956470,
712,960,-75.126570,39.973235,
713,959,-75.218738,39.950921,
714,955,-75.117393,39.981555,
715,954,-75.116502,39.977658,
716,953,-75.162180,39.952220,
717,947,-75.197552,40.049838,
718,941,-75.202477,39.969512,
719,940,-75.145887,39.966827,
720,940,-75.127874,39.985498,
721,940,-75.125527,39.986707,
722,934,-75.167676,40.036023,
723,934,-75.116034,39.977118,
724,930,-75.129835,39.969045,
725,924,-75.117861,39.979215,
726,920,-75.219226,39.948732,
727,920,-75.132530,39.971104,
728,920,-75.124453,39.981663,
729,915,-75.126132,39.970467,
730,913,-75.130596,39.967560,
731,907,-75.114232,39.990090,
732,907,-75.217581,39.945020,
733,903,-75.089623,39.989088,
734,903,-75.194562,39.963653,
735,902,-75.115732,39.976776,
736,900,-75.145285,39.969345,
737,899,-75.212031,39.946245,
738,895,-75.162180,39.952220,
739,891,-75.133823,39.974778,
740,890,-75.211014,39.950784,
741,882,-75.156277,40.008747,
742,881,-75.098002,39.986928,
743,880,-75.132636,39.969446,
744,880,-75.124393,39.981555,
745,880,-75.124393,39.981555,
746,878,-75.132193,39.976146,
747,870,-75.165764,39.987513,
748,870,-75.167671,40.036014,
749,870,-75.167671,40.036014,
750,870,-75.130497,39.976317,
751,869,-75.089623,39.989088,
752,868,-75.126150,39.986451,
753,867,-75.120943,39.978756,
754,860,-75.154536,39.932346,
755,860,-75.220155,40.023750,
756,860,-75.127690,39.975100,
757,850,-75.162180,39.952220,
758,850,-75.092525,40.023388,
759,850,-75.147899,39.963159,
760,850,-75.123243,39.981357,
761,842,-75.133823,39.974778,
762,840,-75.089623,39.989088,
763,840,-75.206338,39.958878,
764,840,-75.143412,39.965417,
765,840,-75.162180,39.952220,
766,840,-75.089623,39.989088,
767,839,-75.187977,40.052019,
768,830,-75.131983,39.968259,
769,820,-75.188096,39.992074,
770,820,-75.148099,39.970852,
771,814,-75.212631,39.951006,
772,813,-75.129084,39.975039,
773,810,-75.132563,39.983170,
774,810,-75.148452,39.982077,
775,810,-75.127690,39.975100,
776,810,-75.110555,39.985643,
777,810,-75.114678,39.989624,
778,800,-75.171807,39.937446,
779,800,-75.127901,39.969856,
780,800,-75.117703,39.981906,
781,798,-75.214387,40.024619,
782,795,-75.188096,39.992074,
783,794,-75.125034,39.981339,
784,792,-75.220229,39.964742,
785,790,-75.129084,39.975039,
786,786,-75.162180,39.952220,
787,784,-75.116502,39.977658,
788,782,-75.119472,39.980547,
789,780,-75.158197,39.959874,
790,780,-75.172505,40.027949,
791,778,-75.065376,40.001351,
792,776,-75.129835,39.969045,
793,769,-75.076376,39.995752,
794,760,-75.207227,39.949708,
795,760,-75.145338,39.964217,
796,760,-75.138119,39.973595,
797,756,-75.226392,39.974220,
798,756,-75.125943,39.987990,
799,750,-75.136114,39.965775,
800,750,-75.119038,39.983387,
801,748,-75.108503,39.978630,
802,745,-75.162180,39.952220,
803,744,-75.123873,39.981024,
804,744,-75.096796,39.987576,
805,743,-75.120946,39.978667,
806,740,-75.221233,39.948951,
807,740,-75.126192,39.983791,
808,740,-75.206546,40.043014,
809,740,-75.139070,39.986500,
810,739,-75.114765,39.978540,
811,738,-75.130497,39.976317,
812,738,-75.116502,39.977658,
813,736,-75.162180,39.952220,
814,733,-75.117942,39.978099,
815,732,-75.127333,39.971772,
816,732,-75.116502,39.977658,
817,730,-75.146518,39.964307,
818,730,-75.122838,39.975014,
819,726,-75.126222,39.983697,
820,726,-75.133823,39.974778,
821,725,-75.133823,39.974778,
822,725,-75.123634,39.984570,
823,717,-75.098002,39.986928,
824,716,-75.130497,39.976317,
825,716,-75.095473,39.987855,
826,715,-75.188096,39.992074,
827,713,-75.117703,39.981906,
828,709,-75.124453,39.981663,
829,709,-75.114218,39.986689,
830,709,-75.133132,39.974614,
831,707,-75.124463,39.979728,
832,704,-75.123270,39.980340,
833,701,-75.127307,39.985857,
834,701,-75.219269,39.948485,
835,700,-75.127901,39.969856,
836,700,-75.125664,39.973633,
837,698,-75.123827,39.980924,
838,693,-75.132414,39.966849,
839,692,-75.116844,39.977487,
840,689,-75.125283,39.984664,
841,688,-75.109146,39.995718,
842,686,-75.098002,39.986928,
843,683,-75.221025,39.945875,
844,683,-75.208247,39.967014,
845,680,-75.114765,39.978540,
846,680,-75.143997,39.965817,
847,680,-75.144094,39.968080,
848,680,-75.124754,39.978301,
849,680,-75.127874,39.985498,
850,679,-75.121623,39.977496,
851,679,-75.124453,39.981663,
852,678,-75.126785,39.978513,
853,677,-75.126150,39.986451,
854,676,-75.126150,39.986451,
855,674,-75.223118,39.947626,
856,673,-75.179785,39.970287,
857,672,-75.121889,39.977212,
858,672,-75.252036,39.969568,
859,671,-75.155004,39.922920,
860,670,-75.138350,39.962300,
861,670,-75.190568,40.033195,
862,668,-75.096324,39.988809,
863,668,-75.208247,39.967014,
864,668,-75.116403,39.976389,
865,667,-75.122424,39.979324,
866,667,-75.131830,39.990253,
867,664,-75.089623,39.989088,
868,664,-75.133823,39.974778,
869,660,-75.131983,39.971436,
870,660,-75.205454,39.961332,
871,655,-75.206340,40.018453,
872,654,-75.130501,39.982779,
873,652,-75.129822,39.977514,
874,652,-75.117204,39.977289,
875,650,-75.127690,39.975100,
876,650,-75.093130,39.989146,
877,644,-75.126753,39.980430,
878,644,-75.109146,39.995718,
879,640,-75.143997,39.965817,
880,640,-75.131983,39.971436,
881,640,-75.203717,40.074352,
882,640,-75.127901,39.969856,
883,638,-75.096324,39.988809,
884,636,-75.126222,39.983697,
885,633,-75.126722,39.986154,
886,630,-75.134566,39.974334,
887,630,-75.109450,39.982545,
888,629,-75.125034,39.981339,
889,629,-75.188096,39.992074,
890,625,-75.131797,39.976803,
891,624,-75.123873,39.981024,
892,623,-75.129705,39.973230,
893,623,-75.108775,39.987243,
894,621,-75.133823,39.974778,
895,620,-75.172173,39.943502,
896,620,-75.119292,39.979620,
897,620,-75.121237,39.979936,
898,620,-75.145887,39.966827,
899,620,-75.093130,39.989146,
900,614,-75.222677,39.950648,
901,614,-75.172500,40.028031,
902,614,-75.141297,39.965391,
903,613,-75.117393,39.981555,
904,613,-75.127887,39.985542,
905,612,-75.123873,39.974724,
906,611,-75.108775,39.987243,
907,610,-75.145991,39.964436,
908,608,-75.212484,39.951763,
909,606,-75.095473,39.987855,
910,604,-75.143089,40.006805,
911,602,-75.131797,39.976803,
912,602,-75.126785,39.978513,
913,600,-75.153650,39.920137,
914,600,-75.127690,39.975100,
915,600,-75.140034,39.972493,
916,600,-75.108378,39.981835,
917,600,-75.138445,39.981299,
918,599,-75.220250,39.947266,
919,598,-75.131285,39.983742,
920,595,-75.092679,39.987513,
921,594,-75.130497,39.976317,
922,593,-75.123827,39.980924,
923,591,-75.108775,39.987243,
924,591,-75.133823,39.974778,
925,590,-75.219081,39.948205,
926,590,-75.127333,39.978234,
927,590,-75.127690,39.975100,
928,586,-75.133823,39.974778,
929,586,-75.190568,40.033195,
930,585,-75.131985,39.983320,
931,583,-75.188513,40.035000,
932,580,-75.169720,39.919195,
933,580,-75.145338,39.964217,
934,580,-75.179785,39.970287,
935,580,-75.131949,39.973076,
936,579,-75.131880,39.969986,
937,578,-75.133823,39.974778,
938,577,-75.114765,39.978540,
939,576,-75.122932,39.989623,
940,574,-75.123226,39.982186,
941,572,-75.124110,39.984114,
942,571,-75.157836,40.002210,
943,570,-75.126450,39.970270,
944,570,-75.136217,39.975863,
945,570,-75.123827,39.980924,
946,570,-75.165335,40.024051,
947,569,-75.222001,40.030847,
948,561,-75.096324,39.988809,
949,560,-75.208777,39.946749,
950,560,-75.127572,39.974731,
951,560,-75.127855,39.985636,
952,560,-75.125411,39.974085,
953,560,-75.145311,39.984017,
954,550,-75.159627,39.934382,
955,550,-75.154833,39.960162,
956,550,-75.170062,39.943252,
957,550,-75.126722,39.986154,
958,548,-75.162180,39.952220,
959,546,-75.162180,39.952220,
960,546,-75.095973,39.984525,
961,545,-75.230559,40.067100,
962,543,-75.119522,39.976092,
963,542,-75.113995,39.977667,
964,542,-75.127333,39.978234,
965,542,-75.229911,39.977101,
966,540,-75.144956,39.966143,
967,540,-75.131871,39.969889,
968,540,-75.224698,40.025947,
969,540,-75.132540,39.971187,
970,540,-75.127690,39.975100,
971,540,-75.092696,39.987539,
972,539,-75.186382,39.991779,
973,538,-75.222001,40.030847,
974,537,-75.212260,39.946495,
975,535,-75.123873,39.981024,
976,535,-75.096796,39.987576,
977,533,-75.212031,39.946245,
978,531,-75.187977,40.052019,
979,530,-75.141414,39.966467,
980,530,-75.176476,39.970005,
981,530,-75.131949,39.973076,
982,530,-75.132431,39.973966,
983,530,-75.149776,39.976197,
984,530,-75.186439,40.056217,
985,529,-75.108775,39.987243,
986,528,-75.095973,39.984525,
987,528,-75.123873,39.981024,
988,527,-75.188096,39.992074,
989,526,-75.162180,39.952220,
990,526,-75.202477,39.969512,
991,525,-75.125142,39.986289,
992,524,-75.123873,39.981024,
993,522,-75.206884,39.962484,
994,521,-75.210106,39.940689,
995,521,-75.215870,39.947450,
996,521,-75.162180,39.952220,
997,520,-75.160505,39.934474,
998,520,-75.207025,39.946707,
999,520,-75.130296,39.972038,
1000,520,-75.118233,39.978553,
1001,517,-75.109514,40.019676,
1002,517,-75.132414,39.966849,
1003,517,-75.123873,39.981024,
1004,510,-75.165833,39.925016,
1005,510,-75.179631,40.057020,
1006,510,-75.122420,39.979498,
1007,510,-75.128572,39.974742,
1008,506,-75.222001,40.030847,
1009,503,-75.129705,39.973230,
1010,502,-75.124481,39.980709,
1011,501,-75.229284,39.949175,
1012,500,-75.196938,39.996677,
1013,500,-75.134505,39.964791,
1014,497,-75.252036,39.969568,
1015,495,-75.130857,39.981287,
1016,494,-75.214055,39.945852,
1017,492,-75.192180,40.014500,
1018,491,-75.208247,39.967014,
1019,490,-75.143087,39.970091,
1020,490,-75.224698,40.025947,
1021,490,-75.132995,40.049890,
1022,490,-75.122420,39.979498,
1023,490,-75.127380,39.976831,
1024,490,-75.188096,39.992074,
1025,489,-75.109514,40.019676,
1026,488,-75.208709,39.971531,
1027,488,-75.208709,39.971531,
1028,486,-75.095982,39.988377,
1029,485,-75.109514,40.019676,
1030,484,-75.095982,39.988377,
1031,483,-75.129822,39.977514,
1032,481,-75.109514,40.019676,
1033,480,-75.095982,39.988377,
1034,480,-75.215103,40.028308,
1035,479,-75.188096,39.992074,
1036,479,-75.109514,40.019676,
1037,477,-75.162180,39.952220,
1038,476,-75.168284,40.029156,
1039,473,-75.162180,39.952220,
1040,473,-75.162180,39.952220,
1041,472,-75.221025,39.945875,
1042,471,-75.252036,39.969568,
1043,470,-75.221736,39.955220,
1044,470,-75.162180,39.952220,
1045,470,-75.145956,39.974188,
1046,470,-75.110456,39.980860,
1047,470,-75.130517,39.976408,
1048,466,-75.124481,39.980709,
1049,465,-75.095982,39.988377,
1050,463,-75.170976,40.025761,
1051,463,-75.097602,39.982446,
1052,462,-75.211383,39.945715,
1053,460,-75.169257,39.964756,
1054,460,-75.161627,39.980823,
1055,460,-75.217158,39.949212,
1056,458,-75.213879,39.947802,
1057,458,-75.133823,39.974778,
1058,458,-75.133823,39.974778,
1059,455,-75.119522,39.976092,
1060,454,-75.212695,39.948700,
1061,450,-75.124928,39.984085,
1062,450,-75.134598,40.056094,
1063,450,-75.132660,39.974444,
1064,449,-75.124234,39.978415,
1065,449,-75.162180,39.952220,
1066,446,-75.130501,39.982779,
1067,444,-75.101414,39.982977,
1068,442,-75.186382,39.991779,
1069,442,-75.190568,40.033195,
1070,440,-75.224723,39.951000,
1071,440,-75.102620,39.988280,
1072,440,-75.217581,39.945020,
1073,438,-75.175110,40.029540,
1074,438,-75.127333,39.983085,
1075,437,-75.188096,39.992074,
1076,432,-75.208247,39.967014,
1077,431,-75.175110,40.029540,
1078,430,-75.148020,39.953630,
1079,430,-75.141500,39.965960,
1080,430,-75.130199,39.984238,
1081,427,-75.126722,39.986154,
1082,423,-75.124463,39.979728,
1083,423,-75.143089,40.006805,
1084,422,-75.109514,40.019676,
1085,421,-75.227433,39.948199,
1086,421,-75.129705,39.973230,
1087,420,-75.142914,39.971132,
1088,420,-75.135226,39.980462,
1089,420,-75.203717,40.074352,
1090,419,-75.126150,39.986451,
1091,418,-75.227022,39.949686,
1092,417,-75.188513,40.035000,
1093,417,-75.209334,39.949810,
1094,416,-75.252036,39.969568,
1095,415,-75.126132,39.970467,
1096,412,-75.131985,39.983320,
1097,411,-75.226873,39.950442,
1098,411,-75.205701,39.968154,
1099,410,-75.142858,39.971262,
1100,410,-75.217794,40.030864,
1101,410,-75.139070,39.986500,
1102,409,-75.220965,39.949689,
1103,408,-75.128170,39.982059,
1104,408,-75.175110,40.029540,
1105,406,-75.102291,39.991779,
1106,406,-75.162180,39.952220,
1107,406,-75.119364,39.981024,
1108,405,-75.216754,39.950710,
1109,403,-75.162180,39.952220,
1110,402,-75.125403,39.971943,
1111,402,-75.203253,39.968433,
1112,400,-75.068864,40.016415,
1113,400,-75.131983,39.968259,
1114,400,-75.121817,39.979638,
1115,398,-75.143089,40.006805,
1116,391,-75.162180,39.952220,
1117,390,-75.150314,39.929197,
1118,390,-75.220394,39.952737,
1119,390,-75.141765,39.952607,
1120,390,-75.122687,39.981574,
1121,386,-75.213111,40.057360,
1122,386,-75.212031,39.946245,
1123,386,-75.120724,39.980233,
1124,380,-75.202477,39.969512,
1125,380,-75.131983,39.971436,
1126,380,-75.142383,39.973687,
1127,380,-75.139070,39.986500,
1128,378,-75.209288,39.949468,
1129,376,-75.196938,39.996677,
1130,376,-75.252036,39.969568,
1131,373,-75.162180,39.952220,
1132,372,-75.162180,39.952220,
1133,370,-75.212003,39.954006,
1134,370,-75.132073,39.980101,
1135,369,-75.252036,39.969568,
1136,369,-75.196938,39.996677,
1137,367,-75.182680,39.983450,
1138,366,-75.124463,39.979728,
1139,364,-75.161403,39.985353,
1140,363,-75.217581,39.945020,
1141,360,-75.175205,39.929322,
1142,360,-75.161455,39.970492,
1143,360,-75.183707,39.973778,
1144,360,-75.133872,39.986577,
1145,360,-75.125114,39.986383,
1146,360,-75.188096,39.992074,
1147,359,-75.124463,39.979728,
1148,354,-75.230712,39.950882,
1149,350,-75.130199,39.984238,
1150,347,-75.162180,39.952220,
1151,347,-75.173436,40.040154,
1152,346,-75.169111,40.023873,
1153,345,-75.131985,39.983320,
1154,344,-75.196938,39.996677,
1155,340,-75.162180,39.952220,
1156,340,-75.134806,39.981823,
1157,340,-75.130803,39.984012,
1158,340,-75.196728,40.012980,
1159,333,-75.175110,40.029540,
1160,333,-75.131880,39.969986,
1161,332,-75.222677,39.950648,
1162,332,-75.142228,39.966666,
1163,330,-75.143997,39.965817,
1164,330,-75.123972,40.025174,
1165,326,-75.188096,39.992074,
1166,323,-75.119472,39.980547,
1167,321,-75.219081,39.948205,
1168,321,-75.223147,39.948388,
1169,321,-75.252036,39.969568,
1170,320,-75.174732,39.938832,
1171,320,-75.134522,39.970284,
1172,320,-75.127874,39.985498,
1173,318,-75.230559,40.067100,
1174,314,-75.079436,40.021398,
1175,314,-75.115615,39.983562,
1176,314,-75.135031,40.050934,
1177,313,-75.252036,39.969568,
1178,313,-75.230559,40.067100,
1179,312,-75.222677,39.950648,
1180,312,-75.124463,39.979728,
1181,310,-75.215296,39.946874,
1182,310,-75.217759,39.945101,
1183,310,-75.122420,39.979498,
1184,310,-75.110734,39.991435,
1185,310,-75.100234,40.008862,
1186,310,-75.149175,40.018634,
1187,310,-75.128483,39.982539,
1188,306,-75.177315,40.026634,
1189,306,-75.167676,40.036023,
1190,305,-75.167705,39.987683,
1191,305,-75.196938,39.996677,
1192,303,-75.198425,40.044915,
1193,302,-75.196938,39.996677,
1194,302,-75.162180,39.952220,
1195,301,-75.196938,39.996677,
1196,300,-75.164123,39.940082,
1197,300,-75.220576,39.953867,
1198,300,-75.075782,40.078364,
1199,298,-75.165335,40.024051,
1200,297,-75.123873,39.981024,
1201,297,-75.162180,39.952220,
1202,297,-75.110456,39.980860,
1203,295,-75.218517,39.951774,
1204,295,-75.165017,40.025799,
1205,295,-75.134412,39.971664,
1206,294,-75.132540,39.971187,
1207,291,-75.162180,39.952220,
1208,290,-75.219530,39.960962,
1209,290,-75.173858,39.967025,
1210,290,-75.138538,39.969374,
1211,290,-75.127901,39.969856,
1212,290,-75.167671,40.036014,
1213,287,-75.196938,39.996677,
1214,285,-75.211495,39.945704,
1215,285,-75.239347,39.953568,
1216,285,-75.175110,40.029540,
1217,284,-75.122640,39.980673,
1218,283,-75.232703,39.951907,
1219,282,-75.188096,39.992074,
1220,282,-75.129804,39.979962,
1221,280,-75.109514,40.019676,
1222,280,-75.130902,39.971070,
1223,280,-75.125484,39.988152,
1224,280,-75.096615,39.990973,
1225,279,-75.109514,40.019676,
1226,279,-75.120946,39.978667,
1227,275,-75.202740,39.965720,
1228,273,-75.196938,39.996677,
1229,273,-75.109514,40.019676,
1230,273,-75.198781,40.054752,
1231,273,-75.124463,39.979728,
1232,270,-75.212631,39.951006,
1233,270,-75.140982,39.975057,
1234,270,-75.175110,40.029540,
1235,270,-75.130857,39.981287,
1236,270,-75.141500,39.965960,
1237,269,-75.162180,39.952220,
1238,269,-75.083504,40.061268,
1239,269,-75.105179,40.029776,
1240,267,-75.188096,39.992074,
1241,267,-75.109514,40.019676,
1242,267,-75.167120,39.935950,
1243,264,-75.128392,39.973713,
1244,263,-75.144856,39.961769,
1245,263,-75.213111,40.057360,
1246,262,-75.083504,40.061268,
1247,262,-75.216754,39.950710,
1248,262,-75.171717,40.023475,
1249,261,-75.172500,40.028031,
1250,260,-75.215296,39.946874,
1251,260,-75.169657,39.978824,
1252,260,-75.127343,39.995109,
1253,260,-75.231922,40.032832,
1254,259,-75.134412,39.971664,
1255,259,-75.194054,39.982471,
1256,258,-75.223214,39.949185,
1257,258,-75.210631,39.962504,
1258,256,-75.109514,40.019676,
1259,255,-75.083504,40.061268,
1260,255,-75.110456,39.980860,
1261,255,-75.196938,39.996677,
1262,254,-75.167676,40.036023,
1263,252,-75.194054,39.982471,
1264,252,-75.125743,39.983343,
1265,250,-75.109514,40.019676,
1266,250,-75.224723,39.951000,
1267,250,-75.214203,39.953044,
1268,250,-75.140729,39.961791,
1269,250,-75.196728,40.012980,
1270,250,-75.175159,40.038397,
1271,250,-75.129654,39.975982,
1272,249,-75.190964,40.037300,
1273,246,-75.142228,39.966666,
1274,245,-75.124921,39.984174,
1275,242,-75.188096,39.992074,
1276,242,-75.216572,39.942104,
1277,240,-75.150270,39.951476,
1278,240,-75.191332,39.962070,
1279,240,-75.143997,39.965817,
1280,240,-75.162180,39.952220,
1281,240,-75.129914,39.984509,
1282,240,-75.112664,39.987504,
1283,240,-75.129654,39.975982,
1284,240,-75.141500,39.965960,
1285,240,-75.074815,39.996541,
1286,239,-75.212672,39.944778,
1287,239,-75.196938,39.996677,
1288,238,-75.202174,40.047211,
1289,236,-75.124463,39.979728,
1290,236,-75.162180,39.952220,
1291,235,-75.214404,39.947297,
1292,235,-75.125743,39.983343,
1293,235,-75.188096,39.992074,
1294,235,-75.196938,39.996677,
1295,234,-75.075151,39.994095,
1296,231,-75.217158,39.949212,
1297,231,-75.162180,39.952220,
1298,230,-75.151656,39.929446,
1299,230,-75.221650,39.946434,
1300,230,-75.148154,39.966394,
1301,230,-75.138419,39.974944,
1302,230,-75.125927,39.989440,
1303,230,-75.224698,40.025947,
1304,230,-75.216572,39.942104,
1305,229,-75.202174,40.047211,
1306,229,-75.109514,40.019676,
1307,228,-75.220484,39.952026,
1308,228,-75.194054,39.982471,
1309,227,-75.166135,40.035363,
1310,226,-75.213111,40.057360,
1311,226,-75.165335,40.024051,
1312,225,-75.109514,40.019676,
1313,224,-75.167676,40.036023,
1314,222,-75.162180,39.952220,
1315,222,-75.210631,39.962504,
1316,221,-75.130542,39.980790,
1317,220,-75.188513,40.035000,
1318,220,-75.218423,39.952503,
1319,220,-75.200591,40.050967,
1320,220,-75.140576,39.972599,
1321,220,-75.157102,40.005223,
1322,219,-75.252036,39.969568,
1323,218,-75.190964,40.037300,
1324,218,-75.182513,39.976245,
1325,217,-75.109514,40.019676,
1326,216,-75.194054,39.982471,
1327,215,-75.165335,40.024051,
1328,215,-75.162180,39.952220,
1329,215,-75.212260,39.946495,
1330,214,-75.109514,40.019676,
1331,213,-75.162180,39.952220,
1332,212,-75.165335,40.024051,
1333,211,-75.194054,39.982471,
1334,210,-75.210631,39.962504,
1335,210,-75.165017,40.025799,
1336,210,-75.159191,39.924596,
1337,210,-75.156405,39.945889,
1338,210,-75.139477,39.970004,
1339,210,-75.159736,39.985695,
1340,210,-75.099560,40.046090,
1341,210,-75.188096,39.992074,
1342,209,-75.188513,40.035000,
1343,208,-75.162180,39.952220,
1344,208,-75.216825,39.950010,
1345,208,-75.073503,39.997215,
1346,208,-75.213111,40.057360,
1347,208,-75.133132,39.974614,
1348,205,-75.252036,39.969568,
1349,205,-75.130542,39.980790,
1350,205,-75.216572,39.942104,
1351,203,-75.161412,40.007376,
1352,203,-75.213111,40.057360,
1353,202,-75.215090,39.948914,
1354,202,-75.230559,40.067100,
1355,200,-75.168667,39.967072,
1356,200,-75.135400,39.968785,
1357,200,-75.123751,39.975449,
1358,200,-75.131013,39.985393,
1359,200,-75.146348,39.980371,
1360,200,-75.194054,39.982471,
1361,200,-75.110166,39.988782,
1362,199,-75.166366,40.022250,
1363,199,-75.210631,39.962504,
1364,199,-75.216572,39.942104,
1365,198,-75.196938,39.996677,
1366,197,-75.182680,39.983450,
1367,197,-75.188513,40.035000,
1368,196,-75.213111,40.057360,
1369,195,-75.202174,40.047211,
1370,195,-75.157551,39.961845,
1371,195,-75.091054,40.012844,
1372,195,-75.213111,40.057360,
1373,194,-75.202477,39.969512,
1374,194,-75.124112,39.985119,
1375,194,-75.162180,39.952220,
1376,194,-75.215091,39.948819,
1377,193,-75.188460,40.014077,
1378,193,-75.194054,39.982471,
1379,192,-75.202174,40.047211,
1380,191,-75.125487,39.984880,
1381,190,-75.187884,39.934639,
1382,190,-75.173124,39.950418,
1383,190,-75.216353,39.952296,
1384,190,-75.142908,39.963407,
1385,190,-75.143412,39.965417,
1386,190,-75.138538,39.969374,
1387,190,-75.125067,39.980323,
1388,190,-75.127874,39.985498,
1389,190,-75.205522,39.961252,
1390,190,-75.229848,39.977055,
1391,190,-75.196938,39.996677,
1392,189,-75.212672,39.944778,
1393,189,-75.129700,39.981879,
1394,189,-75.216572,39.942104,
1395,188,-75.208783,39.947418,
1396,188,-75.123261,39.983220,
1397,188,-75.216572,39.942104,
1398,184,-75.188096,39.992074,
1399,181,-75.208247,39.967014,
1400,180,-75.216572,39.942104,
1401,180,-75.159371,39.923784,
1402,180,-75.181113,39.949454,
1403,180,-75.201027,39.951445,
1404,180,-75.207329,40.015061,
1405,180,-75.143603,39.967873,
1406,180,-75.190964,40.037300,
1407,179,-75.202174,40.047211,
1408,178,-75.194054,39.982471,
1409,178,-75.133823,39.974778,
1410,176,-75.161412,40.007376,
1411,175,-75.202174,40.047211,
1412,174,-75.107340,39.989628,
1413,173,-75.194054,39.982471,
1414,171,-75.162180,39.952220,
1415,171,-75.252036,39.969568,
1416,171,-75.216572,39.942104,
1417,171,-75.216572,39.942104,
1418,170,-75.194054,39.982471,
1419,170,-75.145563,39.934445,
1420,170,-75.213932,39.945867,
1421,170,-75.138538,39.969374,
1422,170,-75.127333,39.971772,
1423,170,-75.121561,39.978517,
1424,170,-75.139515,40.047045,
1425,170,-75.214004,39.947778,
1426,170,-75.129664,39.981929,
1427,170,-75.151615,39.982533,
1428,170,-75.210631,39.962504,
1429,169,-75.207227,39.949708,
1430,168,-75.162180,39.952220,
1431,167,-75.167676,40.036023,
1432,166,-75.109514,40.019676,
1433,166,-75.208247,39.967014,
1434,166,-75.161403,39.985353,
1435,165,-75.162180,39.952220,
1436,164,-75.216572,39.942104,
1437,164,-75.225525,39.941836,
1438,164,-75.069986,40.039007,
1439,163,-75.165335,40.024051,
1440,162,-75.190568,40.033195,
1441,162,-75.202477,39.969512,
1442,162,-75.162180,39.952220,
1443,161,-75.202174,40.047211,
1444,161,-75.202740,39.965720,
1445,160,-75.188096,39.992074,
1446,160,-75.181113,39.949454,
1447,160,-75.219076,39.949414,
1448,160,-75.145245,39.952292,
1449,160,-75.144559,39.963750,
1450,160,-75.165787,39.965740,
1451,160,-75.129314,39.976798,
1452,160,-75.141500,39.965960,
1453,160,-75.139070,39.986500,
1454,160,-75.113317,39.984893,
1455,159,-75.252036,39.969568,
1456,159,-75.162180,39.952220,
1457,159,-75.189583,39.958778,
1458,158,-75.165335,40.024051,
1459,156,-75.131753,39.982167,
1460,156,-75.090024,40.029219,
1461,155,-75.188096,39.992074,
1462,155,-75.188096,39.992074,
1463,155,-75.216572,39.942104,
1464,154,-75.216572,39.942104,
1465,154,-75.216572,39.942104,
1466,153,-75.190568,40.033195,
1467,152,-75.195612,40.052790,
1468,152,-75.196938,39.996677,
1469,151,-75.109514,40.019676,
1470,150,-75.165613,39.956470,
1471,150,-75.143817,39.961563,
1472,150,-75.167476,39.966565,
1473,150,-75.131310,39.971738,
1474,150,-75.120944,39.981631,
1475,150,-75.130199,39.984238,
1476,150,-75.127874,39.985498,
1477,150,-75.222001,40.030847,
1478,150,-75.118244,39.979731,
1479,150,-75.194054,39.982471,
1480,149,-75.196938,39.996677,
1481,149,-75.194054,39.982471,
1482,149,-75.187977,40.052019,
1483,149,-75.214004,39.947778,
1484,149,-75.177708,40.039230,
1485,148,-75.161412,40.007376,
1486,148,-75.124112,39.985119,
1487,148,-75.070505,40.001718,
1488,148,-75.194054,39.982471,
1489,148,-75.188096,39.992074,
1490,147,-75.131343,39.977604,
1491,147,-75.155004,39.922920,
1492,147,-75.124112,39.985119,
1493,146,-75.213111,40.057360,
1494,146,-75.111174,39.981667,
1495,145,-75.155004,39.922920,
1496,144,-75.169323,40.032405,
1497,144,-75.166277,40.001763,
1498,143,-75.200049,40.044168,
1499,143,-75.230559,40.067100,
1500,143,-75.188096,39.992074,
1501,142,-75.202174,40.047211,
1502,142,-75.135031,40.050934,
1503,142,-75.165335,40.024051,
1504,141,-75.199117,40.043358,
1505,141,-75.210631,39.962504,
1506,141,-75.221176,39.953430,
1507,141,-75.202174,40.047211,
1508,141,-75.188096,39.992074,
1509,141,-75.202174,40.047211,
1510,140,-75.159371,39.923784,
1511,140,-75.148686,39.936483,
1512,140,-75.156793,39.958972,
1513,140,-75.141414,39.966467,
1514,140,-75.079162,40.074967,
1515,139,-75.214004,39.947778,
1516,139,-75.069823,40.078897,
1517,138,-75.216572,39.942104,
1518,138,-75.252036,39.969568,
1519,138,-75.213111,40.057360,
1520,137,-75.216572,39.942104,
1521,137,-75.161412,40.007376,
1522,136,-75.252036,39.969568,
1523,136,-75.177900,39.931704,
1524,135,-75.190568,40.033195,
1525,135,-75.216572,39.942104,
1526,134,-75.165335,40.024051,
1527,134,-75.225502,40.053374,
1528,133,-75.225502,40.053374,
1529,133,-75.225502,40.053374,
1530,133,-75.196938,39.996677,
1531,132,-75.069823,40.078897,
1532,132,-75.165335,40.024051,
1533,132,-75.194054,39.982471,
1534,131,-75.216572,39.942104,
1535,130,-75.156969,39.938701,
1536,130,-75.158336,39.944276,
1537,130,-75.132636,39.969446,
1538,130,-75.126785,39.973255,
1539,130,-75.131026,39.985225,
1540,130,-75.167626,39.987747,
1541,130,-75.205638,40.001590,
1542,130,-75.202174,40.047211,
1543,130,-75.188513,40.035000,
1544,130,-75.165335,40.024051,
1545,129,-75.130542,39.980790,
1546,129,-75.127690,39.975100,
1547,128,-75.165335,40.024051,
1548,128,-75.213111,40.057360,
1549,127,-75.216572,39.942104,
1550,127,-75.069823,40.078897,
1551,127,-75.157836,40.002210,
1552,127,-75.069986,40.039007,
1553,126,-75.252036,39.969568,
1554,126,-75.161403,39.985353,
1555,126,-75.084264,40.035763,
1556,125,-75.194054,39.982471,
1557,125,-75.216572,39.942104,
1558,125,-75.202174,40.047211,
1559,124,-75.212672,39.944778,
1560,124,-75.165335,40.024051,
1561,123,-75.121817,39.979638,
1562,123,-75.230559,40.067100,
1563,123,-75.177985,39.931263,
1564,123,-75.135281,39.975408,
1565,123,-75.190964,40.037300,
1566,120,-75.216572,39.942104,
1567,120,-75.194054,39.982471,
1568,120,-75.212672,39.944778,
1569,120,-75.153776,39.937842,
1570,120,-75.244492,39.954130,
1571,120,-75.166069,39.955640,
1572,120,-75.142545,39.965136,
1573,120,-75.143412,39.965417,
1574,120,-75.162180,39.952220,
1575,120,-75.138419,39.974944,
1576,120,-75.129654,39.975982,
1577,120,-75.130199,39.984238,
1578,120,-75.162180,39.952220,
1579,119,-75.212260,39.946495,
1580,119,-75.165335,40.024051,
1581,118,-75.202174,40.047211,
1582,118,-75.216572,39.942104,
1583,117,-75.165335,40.024051,
1584,117,-75.179635,40.035933,
1585,117,-75.124112,39.985119,
1586,117,-75.069823,40.078897,
1587,117,-75.069823,40.078897,
1588,117,-75.202174,40.047211,
1589,115,-75.162180,39.952220,
1590,115,-75.165335,40.024051,
1591,115,-75.230559,40.067100,
1592,115,-75.225502,40.053374,
1593,114,-75.199117,40.043358,
1594,114,-75.252036,39.969568,
1595,114,-75.162180,39.952220,
1596,114,-75.124112,39.985119,
1597,113,-75.120183,39.981969,
1598,113,-75.160477,39.934451,
1599,113,-75.165335,40.024051,
1600,112,-75.216572,39.942104,
1601,112,-75.214135,39.953072,
1602,112,-75.165335,40.024051,
1603,111,-75.175110,40.029540,
1604,111,-75.188096,39.992074,
1605,111,-75.196938,39.996677,
1606,110,-75.216572,39.942104,
1607,110,-75.069823,40.078897,
1608,110,-75.228720,40.077858,
1609,110,-75.151869,39.934536,
1610,110,-75.156405,39.945889,
1611,110,-75.199588,39.962519,
1612,110,-75.142545,39.965136,
1613,110,-75.135400,39.968785,
1614,110,-75.138376,39.987204,
1615,110,-75.225502,40.053374,
1616,109,-75.213111,40.057360,
1617,109,-75.165335,40.024051,
1618,109,-75.225502,40.053374,
1619,109,-75.165335,40.024051,
1620,107,-75.216572,39.942104,
1621,107,-75.155004,39.922920,
1622,107,-75.161416,39.952097,
1623,107,-75.189583,39.958778,
1624,106,-75.124453,39.981663,
1625,106,-75.116507,39.977649,
1626,105,-75.190964,40.037300,
1627,105,-75.225502,40.053374,
1628,104,-75.133813,40.052583,
1629,103,-75.165335,40.024051,
1630,102,-75.194054,39.982471,
1631,102,-75.230559,40.067100,
1632,101,-75.069823,40.078897,
1633,101,-75.069823,40.078897,
1634,101,-75.131753,39.982167,
1635,101,-75.165335,40.024051,
1636,101,-75.213111,40.057360,
1637,100,-75.069823,40.078897,
1638,100,-75.161412,40.007376,
1639,100,-75.180246,39.948100,
1640,100,-75.181113,39.949454,
1641,100,-75.137298,39.969145,
1642,100,-75.143896,39.981624,
1643,100,-75.182680,39.983450,
1644,100,-75.129654,39.975982,
1645,99,-75.161234,39.946022,
1646,99,-75.161234,39.946022,
1647,99,-75.129654,39.975982,
1648,99,-75.127690,39.975100,
1649,99,-75.140738,39.981165,
1650,99,-75.091281,40.017776,
1651,99,-74.979591,40.094068,
1652,99,-75.069823,40.078897,
1653,99,-75.225497,39.941856,
1654,99,-75.202174,40.047211,
1655,99,-75.069823,40.078897,
1656,98,-75.069823,40.078897,
1657,98,-75.162180,39.952220,
1658,98,-75.187977,40.052019,
1659,98,-75.232652,39.997305,
1660,97,-75.215223,39.964104,
1661,97,-75.124112,39.985119,
1662,96,-75.162180,39.952220,
1663,96,-75.216435,39.952232,
1664,96,-75.124112,39.985119,
1665,96,-75.069823,40.078897,
1666,96,-75.225497,39.941856,
1667,95,-75.202740,39.965720,
1668,95,-75.069986,40.039007,
1669,94,-75.155004,39.922920,
1670,94,-75.160477,39.934451,
1671,93,-75.190964,40.037300,
1672,93,-75.200049,40.044168,
1673,92,-75.200049,40.044168,
1674,92,-75.121561,39.978517,
1675,92,-75.225502,40.053374,
1676,91,-75.225502,40.053374,
1677,91,-75.172905,39.940817,
1678,91,-75.138538,39.969374,
1679,90,-75.228720,40.077858,
1680,90,-75.069823,40.078897,
1681,89,-75.069823,40.078897,
1682,89,-75.230559,40.067100,
1683,88,-75.230559,40.067100,
1684,88,-75.181391,39.948112,
1685,87,-75.225502,40.053374,
1686,87,-75.230559,40.067100,
1687,87,-75.161412,40.007376,
1688,87,-75.162180,39.952220,
1689,87,-75.135866,39.970256,
1690,86,-75.213111,40.057360,
1691,86,-75.117744,39.989745,
1692,86,-75.218638,39.966071,
1693,85,-75.169323,40.032405,
1694,85,-75.225502,40.053374,
1695,84,-75.230559,40.067100,
1696,84,-75.230559,40.067100,
1697,84,-75.228720,40.077858,
1698,84,-75.142914,39.971132,
1699,84,-75.188096,39.992074,
1700,83,-75.212787,39.945606,
1701,83,-75.160477,39.934451,
1702,83,-75.230559,40.067100,
1703,83,-75.227793,40.052781,
1704,83,-75.069823,40.078897,
1705,82,-75.228720,40.077858,
1706,82,-75.228720,40.077858,
1707,82,-75.039118,40.104920,
1708,82,-75.069823,40.078897,
1709,81,-75.188096,39.992074,
1710,81,-75.163487,39.943375,
1711,81,-75.241533,40.057442,
1712,80,-75.228720,40.077858,
1713,80,-75.117744,39.989745,
1714,80,-75.125565,39.979219,
1715,80,-75.225502,40.053374,
1716,80,-75.225502,40.053374,
1717,79,-75.146058,39.969437,
1718,79,-75.213111,40.057360,
1719,79,-75.241533,40.057442,
1720,79,-75.069986,40.039007,
1721,78,-75.210631,39.962504,
1722,78,-75.215870,39.947450,
1723,78,-75.131753,39.982167,
1724,78,-75.138183,39.970773,
1725,78,-75.124112,39.985119,
1726,78,-75.127690,39.975100,
1727,78,-75.225502,40.053374,
1728,77,-75.230559,40.067100,
1729,77,-75.169323,40.032405,
1730,77,-75.159223,39.943878,
1731,76,-75.124112,39.985119,
1732,76,-75.199117,40.043358,
1733,76,-75.216582,39.948035,
1734,76,-75.252036,39.969568,
1735,76,-75.169108,40.048057,
1736,76,-75.225502,40.053374,
1737,75,-75.213111,40.057360,
1738,75,-75.007986,40.068773,
1739,74,-75.168767,39.966606,
1740,73,-75.069823,40.078897,
1741,73,-75.165833,39.925016,
1742,72,-75.194054,39.982471,
1743,72,-75.228720,40.077858,
1744,72,-75.228720,40.077858,
1745,71,-75.228720,40.077858,
1746,71,-75.194309,40.051615,
1747,71,-75.126723,39.986074,
1748,71,-75.145276,39.981766,
1749,69,-75.162785,39.938607,
1750,68,-75.252036,39.969568,
1751,68,-75.220484,39.952026,
1752,68,-75.161412,40.007376,
1753,67,-75.127874,39.985498,
1754,66,-75.065948,39.999829,
1755,65,-75.161412,40.007376,
1756,65,-75.228720,40.077858,
1757,65,-75.149027,39.970536,
1758,65,-75.124112,39.985119,
1759,64,-75.142705,39.971104,
1760,63,-75.162180,39.952220,
1761,63,-75.212672,39.944778,
1762,62,-75.125757,40.002846,
1763,62,-75.029620,40.055110,
1764,61,-75.188513,40.035000,
1765,61,-75.125955,39.971792,
1766,61,-75.213111,40.057360,
1767,60,-75.162180,39.952220,
1768,59,-75.161412,40.007376,
1769,59,-75.144611,39.963166,
1770,59,-75.225502,40.053374,
1771,59,-75.210631,39.962504,
1772,58,-75.188513,40.035000,
1773,58,-75.162969,40.025778,
1774,58,-75.230559,40.067100,
1775,58,-75.228720,40.077858,
1776,58,-75.135281,39.975408,
1777,58,-75.225502,40.053374,
1778,58,-75.216572,39.942104,
1779,57,-75.230559,40.067100,
1780,56,-75.124112,39.985119,
1781,56,-75.230559,40.067100,
1782,56,-75.228720,40.077858,
1783,56,-75.228720,40.077858,
1784,56,-75.095445,40.055323,
1785,56,-75.162785,39.938607,
1786,56,-75.162785,39.938607,
1787,56,-75.188096,39.992074,
1788,55,-75.161587,39.929447,
1789,54,-75.228720,40.077858,
1790,54,-75.142914,39.971132,
1791,53,-75.161412,40.007376,
1792,53,-75.162785,39.938607,
1793,53,-75.124112,39.985119,
1794,53,-75.213111,40.057360,
1795,52,-75.228720,40.077858,
1796,52,-75.225502,40.053374,
1797,51,-75.215954,39.954509,
1798,51,-75.228720,40.077858,
1799,51,-75.162180,39.952220,
1800,50,-75.161412,40.007376,
1801,50,-75.210631,39.962504,
1802,49,-75.141682,39.964609,
1803,48,-75.124112,39.985119,
1804,48,-75.202740,39.965720,
1805,48,-75.146786,40.052685,
1806,48,-75.235389,39.928782,
1807,48,-75.235389,39.928782,
1808,48,-75.169257,39.964756,
1809,48,-75.169257,39.964756,
1810,47,-75.141500,39.965960,
1811,46,-75.244720,40.055257,
1812,45,-75.155004,39.922920,
1813,45,-75.124112,39.985119,
1814,44,-75.139307,39.969381,
1815,44,-75.211633,40.076891,
1816,44,-75.227014,40.089415,
1817,44,-75.210631,39.962504,
1818,43,-75.162180,39.952220,
1819,43,-75.228720,40.077858,
1820,42,-75.161412,40.007376,
1821,41,-75.160477,39.934451,
1822,41,-75.165335,40.024051,
1823,40,-75.161412,40.007376,
1824,40,-75.138538,39.969374,
1825,40,-75.125484,39.988152,
1826,39,-75.162180,39.952220,
1827,39,-75.228720,40.077858,
1828,39,-75.161587,39.929447,
1829,39,-75.115703,39.978092,
1830,38,-75.157836,40.002210,
1831,37,-75.213111,40.057360,
1832,37,-75.213111,40.057360,
1833,37,-75.130412,39.979404,
1834,37,-75.169323,40.032405,
1835,37,-75.100342,39.997197,
1836,36,-75.210631,39.962504,
1837,36,-75.160477,39.934451,
1838,36,-75.219291,39.957759,
1839,34,-75.216572,39.942104,
1840,34,-75.169304,40.026267,
1841,34,-75.127690,39.975100,
1842,33,-75.212821,39.955320,
1843,33,-75.212672,39.944778,
1844,32,-75.182680,39.983450,
1845,32,-75.023438,40.043123,
1846,31,-75.160477,39.934451,
1847,31,-75.210631,39.962504,
1848,30,-75.206579,39.973816,
1849,30,-75.206579,39.973816,
1850,29,-75.165335,40.024051,
1851,28,-75.235389,39.928782,
1852,27,-75.162180,39.952220,
1853,27,-75.165335,40.024051,
1854,26,-75.126704,39.973221,
1855,25,-75.154740,39.951300,
1856,24,-75.070110,40.000150,
1857,24,-75.235389,39.928782,
1858,24,-75.160477,39.934451,
1859,22,-75.161412,40.007376,
1860,21,-75.194054,39.982471,
1861,21,-75.210631,39.962504,
1862,21,-75.187977,40.052019,
1863,21,-75.210631,39.962504,
1864,21,-75.162180,39.952220,
1865,21,-75.162180,39.952220,
1866,20,-75.213111,40.057360,
1867,20,-75.216572,39.942104,
1868,20,-75.133813,40.052583,
1869,19,-75.210631,39.962504,
1870,19,-75.160477,39.934451,
1871,18,-75.235389,39.928782,
1872,18,-75.160477,39.934451,
1873,17,-75.161412,40.007376,
1874,17,-75.210631,39.962504,
1875,17,-75.070110,40.000150,
1876,16,-75.212672,39.944778,
1877,15,-75.194054,39.982471,
1878,13,-75.170429,40.053338,
1879,12,-75.160422,39.934530,
1880,11,-75.210631,39.962504,
1881,11,-75.133813,40.052583,
1882,11,-75.210631,39.962504,
1883,10,-75.161403,39.985353,
1884,9,-75.131343,39.977595,
1885,Not detected,-75.187884,39.934639,
1886,Not detected,-75.132889,39.967795,
1887,Not detected,-75.146058,39.969437,
1888,Not detected,-75.162180,39.952220,
1889,Not detected,-75.142914,39.971132,
1890,Not detected,-75.144767,39.971525,
1891,Not detected,-75.132530,39.971104,
1892,Not detected,-75.143337,39.972459,
1893,Not detected,-75.131310,39.971738,
1894,Not detected,-75.136174,39.972657,
1895,Not detected,-75.183695,39.974581,
1896,Not detected,-75.190825,40.051124,
1897,Not detected,-75.220229,39.964742,
1898,Not detected,-75.116714,39.976740,
1899,Not detected,-75.130542,39.980790,
1900,Not detected,-75.157836,40.002210,
1901,Not detected,-75.157836,40.002210,
1902,Not detected,-75.194054,39.982471,
1903,Not detected,-75.216900,39.930300,
1904,Not detected,-75.157999,39.930287,
1905,Not detected,-75.145914,39.966579,
1906,Not detected,-75.161412,40.007376,
1907,Not detected,-75.161412,40.007376,
1908,Not detected,-75.162180,39.952220,
1909,Not detected,-75.245878,39.944751,
1910,Not detected,-75.245430,39.954115,
1911,Not detected,-75.244133,39.944192,
1912,Not detected,-75.233606,39.935864,
1913,Not detected,-75.230278,39.933822,
1914,Not detected,-75.229845,39.935496,
1915,Not detected,-75.228768,39.949710,
1916,Not detected,-75.226997,39.939189,
1917,Not detected,-75.225538,39.944813,
1918,Not detected,-75.224467,39.948424,
1919,Not detected,-75.223723,39.949810,
1920,Not detected,-75.223532,39.942648,
1921,Not detected,-75.218965,39.941630,
1922,Not detected,-75.218393,39.941224,
1923,Not detected,-75.217743,39.935624,
1924,Not detected,-75.215486,39.941935,
1925,1,-75.235064,39.955925,
1926,4,-75.222775,39.941337,
1927,5,-75.217533,39.940478,
1928,7,-75.230130,39.935785,
1929,7,-75.226905,39.943341,
1930,8,-75.189268,39.951579,
1931,8,-75.151551,40.007661,
1932,9,-75.225538,39.944813,
1933,10,-75.189453,39.956853,
1934,12,-75.218460,39.966086,
1935,15,-75.199235,39.959932,
1936,16,-75.185917,39.951520,
1937,17,-75.186460,39.949110,
1938,18,-75.109981,39.983340,
1939,19,-75.185372,39.951613,
1940,19,-75.185323,39.949554,
1941,19,-75.122085,39.981033,
1942,20,-75.189386,39.951768,
1943,21,-75.256861,39.974449,
1944,21,-75.256861,39.974449,
1945,21,-75.256861,39.974449,
1946,21,-75.256861,39.974449,
1947,21,-75.256861,39.974449,
1948,21,-75.256861,39.974449,
1949,21,-75.256861,39.974449,
1950,21,-75.256861,39.974449,
1951,21,-75.256861,39.974449,
1952,21,-75.256861,39.974449,
1953,21,-75.229845,39.940286,
1954,21,-75.214568,39.951121,
1955,22,-75.230370,39.944144,
1956,22,-75.190255,39.951308,
1957,22,-75.189461,39.951595,
1958,23,-75.195973,39.962290,
1959,24,-75.231395,39.946631,
1960,25,-75.219954,39.945482,
1961,25,-75.214387,39.941818,
1962,25,-75.213074,39.948094,
1963,26,-75.209886,39.943390,
1964,27,-75.160054,39.928955,
1965,29,-75.189010,39.959033,
1966,30,-75.225219,39.945046,
1967,30,-75.197242,39.951185,
1968,31,-75.220547,39.942594,
1969,31,-75.215418,39.990933,
1970,31,-75.132953,39.969351,
1971,32,-75.191097,39.951398,
1972,32,-75.128699,39.970842,
1973,33,-75.247389,39.948601,
1974,33,-75.197990,39.954612,
1975,34,-75.253035,39.973484,
1976,34,-75.253035,39.973484,
1977,34,-75.253035,39.973484,
1978,34,-75.253035,39.973484,
1979,34,-75.253035,39.973484,
1980,34,-75.253035,39.973484,
1981,34,-75.253035,39.973484,
1982,34,-75.253035,39.973484,
1983,34,-75.253035,39.973484,
1984,34,-75.253035,39.973484,
1985,35,-75.192277,39.951542,
1986,36,-75.239367,39.957855,
1987,37,-75.234529,39.950062,
1988,37,-75.134535,39.971562,
1989,38,-75.232485,39.941665,
1990,38,-75.222051,39.945970,
1991,41,-75.254041,39.973896,
1992,41,-75.254041,39.973896,
1993,41,-75.254041,39.973896,
1994,41,-75.254041,39.973896,
1995,41,-75.254041,39.973896,
1996,41,-75.254041,39.973896,
1997,41,-75.254041,39.973896,
1998,41,-75.254041,39.973896,
1999,41,-75.254041,39.973896,
2000,41,-75.254041,39.973896,
2001,42,-75.219316,39.946872,
2002,43,-75.223646,39.942073,
2003,43,-75.214921,39.997753,
2004,44,-75.220547,39.942594,
2005,45,-75.206788,40.003387,
2006,46,-75.228592,39.944110,
2007,46,-75.192111,39.951649,
2008,47,-75.198110,39.954413,
2009,47,-75.152697,39.928278,
2010,48,-75.234600,39.979000,
2011,48,-75.188213,39.961824,
2012,49,-75.247116,39.894286,
2013,49,-75.131565,39.972403,
2014,50,-75.233969,39.963176,
2015,50,-75.221300,39.982700,
2016,51,-75.215669,39.934871,
2017,51,-75.210809,39.942749,
2018,52,-75.249890,39.983067,
2019,52,-75.249890,39.983067,
2020,52,-75.249890,39.983067,
2021,52,-75.249890,39.983067,
2022,52,-75.249890,39.983067,
2023,52,-75.249890,39.983067,
2024,52,-75.249890,39.983067,
2025,52,-75.249890,39.983067,
2026,52,-75.249890,39.983067,
2027,52,-75.249890,39.983067,
2028,52,-75.134535,39.971562,
2029,53,-75.233039,39.990864,
2030,53,-75.218298,39.941472,
2031,54,-75.247099,39.958704,
2032,55,-75.216100,39.972600,
2033,55,-75.215856,39.966082,
2034,56,-75.242815,39.904340,
2035,56,-75.235418,39.955615,
2036,56,-75.208443,39.949965,
2037,59,-75.225583,39.943130,
2038,59,-75.218726,39.962296,
2039,60,-75.119329,39.976220,
2040,61,-75.240134,39.948611,
2041,61,-75.234107,39.956272,
2042,61,-75.191339,39.951044,
2043,62,-75.219510,39.940496,
2044,62,-75.119212,39.980379,
2045,63,-75.184293,39.950393,
2046,64,-75.188613,39.959001,
2047,65,-75.251157,39.973385,
2048,65,-75.251157,39.973385,
2049,65,-75.251157,39.973385,
2050,65,-75.251157,39.973385,
2051,65,-75.251157,39.973385,
2052,65,-75.251157,39.973385,
2053,65,-75.251157,39.973385,
2054,65,-75.251157,39.973385,
2055,65,-75.251157,39.973385,
2056,65,-75.251157,39.973385,
2057,65,-75.224467,39.948424,
2058,66,-75.229751,39.944900,
2059,67,-75.234999,39.942985,
2060,67,-75.192521,39.960044,
2061,68,-75.241959,39.951772,
2062,68,-75.227500,39.975200,
2063,68,-75.119212,39.980379,
2064,69,-75.229845,39.940286,
2065,69,-75.228113,39.941750,
2066,69,-75.227464,39.960034,
2067,69,-75.138847,39.960424,
2068,70,-75.199095,39.960309,
2069,71,-75.219065,39.939181,
2070,72,-75.213074,39.948094,
2071,74,-75.132491,39.980577,
2072,75,-75.222780,39.985271,
2073,76,-75.211316,39.982296,
2074,76,-75.189440,39.951143,
2075,78,-75.122035,39.974459,
2076,79,-75.187475,39.961849,
2077,80,-75.132600,39.977600,
2078,80,-75.128690,39.982395,
2079,81,-75.190577,39.951398,
2080,81,-75.131565,39.972403,
2081,82,-75.221071,39.941542,
2082,83,-75.230484,39.943668,
2083,83,-75.128690,39.982395,
2084,84,-75.252370,39.988168,
2085,84,-75.252370,39.988168,
2086,84,-75.252370,39.988168,
2087,84,-75.252370,39.988168,
2088,84,-75.252370,39.988168,
2089,84,-75.252370,39.988168,
2090,84,-75.252370,39.988168,
2091,84,-75.252370,39.988168,
2092,84,-75.252370,39.988168,
2093,84,-75.252370,39.988168,
2094,84,-75.223669,39.940643,
2095,84,-75.212031,39.945934,
2096,85,-75.244133,39.944192,
2097,86,-75.267016,39.972461,
2098,88,-75.236000,39.979600,
2099,88,-75.218298,39.941472,
2100,88,-75.199200,39.959813,
2101,88,-75.191290,39.951464,
2102,88,-75.191173,39.951181,
2103,88,-75.119603,39.976587,
2104,89,-75.240134,39.948611,
2105,90,-75.215857,39.966132,
2106,91,-75.230552,39.934996,
2107,92,-75.226300,39.982700,
2108,93,-75.267016,39.972461,
2109,93,-75.234016,39.952707,
2110,93,-75.233273,39.990363,
2111,93,-75.220683,39.943377,
2112,93,-75.210809,39.942749,
2113,93,-75.195297,39.961112,
2114,96,-75.231922,39.943947,
2115,97,-75.265093,39.975688,
2116,97,-75.265093,39.975688,
2117,97,-75.265093,39.975688,
2118,97,-75.265093,39.975688,
2119,97,-75.265093,39.975688,
2120,97,-75.265093,39.975688,
2121,97,-75.265093,39.975688,
2122,97,-75.265093,39.975688,
2123,97,-75.265093,39.975688,
2124,97,-75.265093,39.975688,
2125,97,-75.245878,39.944751,
2126,97,-75.122035,39.974459,
2127,98,-75.220547,39.942594,
2128,98,-75.125573,39.980068,
2129,99,-75.221200,39.980500,
2130,100,-75.189289,39.959379,
2131,100,-75.189222,39.958848,
2132,100,-75.187167,39.960680,
2133,102,-75.226214,39.990129,
2134,102,-75.129325,39.974714,
2135,103,-75.221657,39.935969,
2136,103,-75.218745,39.936699,
2137,106,-75.237070,39.952082,
2138,106,-75.215759,39.956324,
2139,107,-75.206788,40.003387,
2140,113,-75.217533,39.940478,
2141,113,-75.188667,39.959412,
2142,114,-75.234016,39.952707,
2143,114,-75.217401,39.938336,
2144,115,-75.226044,39.950635,
2145,116,-75.241501,39.945148,
2146,116,-75.237100,39.975300,
2147,116,-75.236500,39.970900,
2148,117,-75.260667,39.973825,
2149,117,-75.260667,39.973825,
2150,117,-75.260667,39.973825,
2151,117,-75.260667,39.973825,
2152,117,-75.260667,39.973825,
2153,117,-75.260667,39.973825,
2154,117,-75.260667,39.973825,
2155,117,-75.260667,39.973825,
2156,117,-75.260667,39.973825,
2157,117,-75.260667,39.973825,
2158,117,-75.234999,39.942985,
2159,118,-75.229100,39.969300,
2160,118,-75.227680,39.945051,
2161,118,-75.127471,39.979361,
2162,119,-75.240474,39.981763,
2163,119,-75.240474,39.981763,
2164,119,-75.240474,39.981763,
2165,119,-75.240474,39.981763,
2166,119,-75.240474,39.981763,
2167,119,-75.240474,39.981763,
2168,119,-75.240474,39.981763,
2169,119,-75.240474,39.981763,
2170,119,-75.240474,39.981763,
2171,119,-75.240474,39.981763,
2172,120,-75.231495,39.948639,
2173,122,-75.229777,39.944578,
2174,123,-75.228592,39.944110,
2175,123,-75.122085,39.981033,
2176,124,-75.248534,39.985905,
2177,124,-75.248534,39.985905,
2178,124,-75.248534,39.985905,
2179,124,-75.248534,39.985905,
2180,124,-75.248534,39.985905,
2181,124,-75.248534,39.985905,
2182,124,-75.248534,39.985905,
2183,124,-75.248534,39.985905,
2184,124,-75.248534,39.985905,
2185,124,-75.248534,39.985905,
2186,124,-75.242815,39.904340,
2187,124,-75.233765,39.953577,
2188,128,-75.213400,39.976400,
2189,129,-75.226905,39.943341,
2190,129,-75.221207,39.941658,
2191,130,-75.232142,39.987725,
2192,130,-75.232127,39.939581,
2193,131,-75.224383,40.000616,
2194,135,-75.232991,39.943207,
2195,135,-75.218900,39.976400,
2196,136,-75.213782,39.995495,
2197,136,-75.187519,39.963184,
2198,136,-75.128872,39.993333,
2199,138,-75.131155,39.977878,
2200,139,-75.233082,39.941904,
2201,140,-75.132600,39.977600,
2202,141,-75.234569,39.966880,
2203,142,-75.213014,39.945450,
2204,142,-75.199073,39.959765,
2205,144,-75.126811,39.973061,
2206,147,-75.210102,39.943264,
2207,148,-75.234703,39.957823,
2208,150,-75.129259,39.976414,
2209,152,-75.220683,39.943377,
2210,153,-75.229287,39.974000,
2211,156,-75.255500,39.976034,
2212,156,-75.255500,39.976034,
2213,156,-75.255500,39.976034,
2214,156,-75.255500,39.976034,
2215,156,-75.255500,39.976034,
2216,156,-75.255500,39.976034,
2217,156,-75.255500,39.976034,
2218,156,-75.255500,39.976034,
2219,156,-75.255500,39.976034,
2220,156,-75.255500,39.976034,
2221,156,-75.125948,39.970432,
2222,158,-75.219974,39.991943,
2223,159,-75.199543,39.962016,
2224,160,-75.210707,39.982854,
2225,162,-75.248135,39.979998,
2226,162,-75.248135,39.979998,
2227,162,-75.248135,39.979998,
2228,162,-75.248135,39.979998,
2229,162,-75.248135,39.979998,
2230,162,-75.248135,39.979998,
2231,162,-75.248135,39.979998,
2232,162,-75.248135,39.979998,
2233,162,-75.248135,39.979998,
2234,162,-75.248135,39.979998,
2235,162,-75.211383,39.944239,
2236,163,-75.231395,39.946631,
2237,164,-75.243640,39.978329,
2238,164,-75.243640,39.978329,
2239,164,-75.243640,39.978329,
2240,164,-75.243640,39.978329,
2241,164,-75.243640,39.978329,
2242,164,-75.243640,39.978329,
2243,164,-75.243640,39.978329,
2244,164,-75.243640,39.978329,
2245,164,-75.243640,39.978329,
2246,164,-75.243640,39.978329,
2247,164,-75.236169,39.964938,
2248,164,-75.199438,39.959617,
2249,169,-75.251917,39.974627,
2250,169,-75.232422,39.943023,
2251,169,-75.215981,39.965776,
2252,171,-75.235148,39.950667,
2253,173,-75.222967,39.944318,
2254,173,-75.128699,39.970842,
2255,174,-75.218387,39.938272,
2256,174,-75.214496,39.958303,
2257,175,-75.222775,39.941337,
2258,176,-75.199191,39.959634,
2259,177,-75.219430,39.947809,
2260,178,-75.189574,39.960927,
2261,179,-75.213587,39.981413,
2262,180,-75.198920,39.959975,
2263,181,-75.230872,39.949213,
2264,183,-75.222233,39.948900,
2265,186,-75.267016,39.972461,
2266,188,-75.118840,39.979225,
2267,189,-75.210456,40.003500,
2268,191,-75.241959,39.951772,
2269,191,-75.223646,39.942073,
2270,191,-75.132045,39.980191,
2271,196,-75.231845,39.965430,
2272,196,-75.227275,39.945057,
2273,197,-75.228768,39.949710,
2274,197,-75.223669,39.940643,
2275,198,-75.228774,39.950456,
2276,198,-75.215512,39.935031,
2277,200,-75.267016,39.972461,
2278,200,-75.230250,39.937929,
2279,200,-75.226791,39.939752,
2280,200,-75.193785,39.959922,
2281,203,-75.227682,39.938746,
2282,204,-75.212405,39.962213,
2283,205,-75.267016,39.972461,
2284,206,-75.229845,39.935496,
2285,206,-75.221253,39.941704,
2286,209,-75.228946,39.943319,
2287,209,-75.210102,39.943264,
2288,210,-75.127471,39.979361,
2289,213,-75.222484,39.944632,
2290,215,-75.215207,39.967451,
2291,215,-75.199019,39.959762,
2292,216,-75.190823,39.960273,
2293,217,-75.225519,39.936365,
2294,218,-75.229845,39.935496,
2295,219,-75.249056,39.975220,
2296,219,-75.195965,39.963689,
2297,221,-75.195975,39.978200,
2298,223,-75.250691,39.977715,
2299,224,-75.224444,39.950365,
2300,227,-75.193051,39.962466,
2301,228,-75.233082,39.952998,
2302,231,-75.245430,39.954115,
2303,231,-75.227612,39.943354,
2304,233,-75.215669,39.934871,
2305,234,-75.221207,39.941658,
2306,235,-75.212031,39.945934,
2307,237,-75.195365,40.015389,
2308,238,-75.256518,39.974342,
2309,239,-75.238172,39.949777,
2310,239,-75.219954,39.945482,
2311,240,-75.241177,39.950576,
2312,241,-75.215078,39.942085,
2313,242,-75.225743,39.943916,
2314,243,-75.230370,39.944144,
2315,243,-75.214387,39.941818,
2316,244,-75.222051,39.945970,
2317,246,-75.249056,39.975220,
2318,246,-75.227612,39.943354,
2319,247,-75.246292,39.978505,
2320,247,-75.246292,39.978505,
2321,247,-75.246292,39.978505,
2322,247,-75.246292,39.978505,
2323,247,-75.246292,39.978505,
2324,247,-75.246292,39.978505,
2325,247,-75.246292,39.978505,
2326,247,-75.246292,39.978505,
2327,247,-75.246292,39.978505,
2328,247,-75.246292,39.978505,
2329,247,-75.217868,39.971213,
2330,252,-75.125220,39.976640,
2331,253,-75.235262,39.934992,
2332,253,-75.235064,39.955925,
2333,253,-75.230073,39.944400,
2334,256,-75.235224,39.953767,
2335,256,-75.231922,39.943947,
2336,256,-75.125220,39.976640,
2337,261,-75.232127,39.939581,
2338,263,-75.230552,39.934996,
2339,267,-75.118840,39.979225,
2340,269,-75.225287,39.940440,
2341,272,-75.229845,39.935496,
2342,273,-75.211509,39.944257,
2343,276,-75.238172,39.949777,
2344,277,-75.129553,39.979998,
2345,283,-75.225287,39.940440,
2346,283,-75.223635,39.955335,
2347,284,-75.226600,39.973800,
2348,285,-75.234107,39.956272,
2349,286,-75.231400,39.977000,
2350,287,-75.198794,39.954336,
2351,288,-75.230484,39.943668,
2352,288,-75.208443,39.949965,
2353,295,-75.125573,39.980068,
2354,296,-75.231154,39.941054,
2355,297,-75.130390,39.978965,
2356,298,-75.211608,39.988655,
2357,299,-75.227054,39.936418,
2358,305,-75.232750,39.965303,
2359,309,-75.231873,39.947058,
2360,311,-75.249851,39.988892,
2361,311,-75.249851,39.988892,
2362,311,-75.249851,39.988892,
2363,311,-75.249851,39.988892,
2364,311,-75.249851,39.988892,
2365,311,-75.249851,39.988892,
2366,311,-75.249851,39.988892,
2367,311,-75.249851,39.988892,
2368,311,-75.249851,39.988892,
2369,311,-75.249851,39.988892,
2370,311,-75.218745,39.936699,
2371,319,-75.217538,39.938806,
2372,328,-75.121533,39.988004,
2373,330,-75.241501,39.945148,
2374,331,-75.247013,39.962652,
2375,331,-75.215234,39.940364,
2376,335,-75.231783,39.942599,
2377,336,-75.227464,39.960034,
2378,342,-75.252306,39.977004,
2379,343,-75.220615,39.941601,
2380,344,-75.206016,39.949178,
2381,347,-75.192569,39.960668,
2382,348,-75.199263,39.959915,
2383,355,-75.191027,39.960872,
2384,359,-75.231179,39.965506,
2385,361,-75.232485,39.941665,
2386,370,-75.229617,39.948767,
2387,372,-75.216834,39.962857,
2388,377,-75.119603,39.976587,
2389,379,-75.253023,39.972097,
2390,379,-75.253023,39.972097,
2391,379,-75.253023,39.972097,
2392,379,-75.253023,39.972097,
2393,379,-75.253023,39.972097,
2394,379,-75.253023,39.972097,
2395,379,-75.253023,39.972097,
2396,379,-75.253023,39.972097,
2397,379,-75.253023,39.972097,
2398,379,-75.253023,39.972097,
2399,383,-75.214914,39.968931,
2400,388,-75.232651,39.944722,
2401,389,-75.223692,39.942177,
2402,389,-75.220433,39.940886,
2403,391,-75.240354,39.958871,
2404,392,-75.232422,39.943023,
2405,405,-75.245062,39.953744,
2406,406,-75.231495,39.948639,
2407,406,-75.222967,39.944318,
2408,407,-75.241047,39.947764,
2409,407,-75.234529,39.950062,
2410,408,-75.249056,39.975220,
2411,408,-75.119329,39.976220,
2412,410,-75.229058,39.937812,
2413,415,-75.225219,39.945046,
2414,419,-75.129325,39.974714,
2415,422,-75.232694,39.929913,
2416,436,-75.123885,39.990077,
2417,438,-75.233082,39.952998,
2418,442,-75.213803,39.942250,
2419,445,-75.221253,39.941704,
2420,451,-75.232991,39.943207,
2421,453,-75.228364,39.952405,
2422,453,-75.129259,39.976414,
2423,459,-75.245046,39.963604,
2424,460,-75.212520,39.963038,
2425,472,-75.226313,39.944403,
2426,483,-75.215808,39.937415,
2427,486,-75.232161,39.986632,
2428,491,-75.221657,39.935969,
2429,491,-75.125948,39.970432,
2430,510,-75.249056,39.975220,
2431,511,-75.247660,39.983736,
2432,511,-75.247660,39.983736,
2433,511,-75.247660,39.983736,
2434,511,-75.247660,39.983736,
2435,511,-75.247660,39.983736,
2436,511,-75.247660,39.983736,
2437,511,-75.247660,39.983736,
2438,511,-75.247660,39.983736,
2439,511,-75.247660,39.983736,
2440,511,-75.247660,39.983736,
2441,526,-75.238040,39.992477,
2442,535,-75.215895,39.964773,
2443,549,-75.218393,39.941224,
2444,554,-75.222233,39.948900,
2445,556,-75.229777,39.944578,
2446,565,-75.227275,39.945057,
2447,574,-75.227247,39.944210,
2448,577,-75.227612,39.943354,
2449,586,-75.227275,39.945057,
2450,587,-75.243777,39.957744,
2451,601,-75.240372,39.954460,
2452,614,-75.244530,39.972313,
2453,614,-75.244530,39.972313,
2454,614,-75.244530,39.972313,
2455,614,-75.244530,39.972313,
2456,614,-75.244530,39.972313,
2457,614,-75.244530,39.972313,
2458,614,-75.244530,39.972313,
2459,614,-75.244530,39.972313,
2460,614,-75.244530,39.972313,
2461,614,-75.244530,39.972313,
2462,626,-75.199911,39.959900,
2463,638,-75.198772,39.959682,
2464,661,-75.223723,39.949810,
2465,665,-75.125931,39.991771,
2466,676,-75.217538,39.938806,
2467,687,-75.229617,39.948767,
2468,687,-75.227247,39.944210,
2469,693,-75.245163,39.981941,
2470,693,-75.245163,39.981941,
2471,693,-75.245163,39.981941,
2472,693,-75.245163,39.981941,
2473,693,-75.245163,39.981941,
2474,693,-75.245163,39.981941,
2475,693,-75.245163,39.981941,
2476,693,-75.245163,39.981941,
2477,693,-75.245163,39.981941,
2478,693,-75.245163,39.981941,
2479,709,-75.215800,39.972400,
2480,711,-75.227682,39.938746,
2481,726,-75.231922,39.943947,
2482,729,-75.224444,39.950365,
2483,756,-75.215078,39.942085,
2484,768,-75.199180,39.959900,
2485,773,-75.235262,39.934992,
2486,799,-75.191199,39.951538,
2487,816,-75.221914,39.950841,
2488,836,-75.229058,39.937812,
2489,844,-75.225219,39.945046,
2490,881,-75.232694,39.929913,
2491,883,-75.213014,39.945450,
2492,891,-75.129853,39.977178,
2493,912,-75.210038,39.945294,
2494,922,-75.220114,39.941929,
2495,923,-75.240845,39.970229,
2496,927,-75.218965,39.941630,
2497,929,-75.212076,39.953469,
2498,937,-75.242522,39.980722,
2499,937,-75.242522,39.980722,
2500,937,-75.242522,39.980722,
2501,937,-75.242522,39.980722,
2502,937,-75.242522,39.980722,
2503,937,-75.242522,39.980722,
2504,937,-75.242522,39.980722,
2505,937,-75.242522,39.980722,
2506,937,-75.242522,39.980722,
2507,937,-75.242522,39.980722,
2508,937,-75.224877,39.943765,
2509,938,-75.211383,39.944239,
2510,963,-75.225583,39.943130,
2511,964,-75.227875,39.943369,
2512,969,-75.209492,39.975060,
2513,990,-75.250768,39.975184,
2514,990,-75.250768,39.975184,
2515,990,-75.250768,39.975184,
2516,990,-75.250768,39.975184,
2517,990,-75.250768,39.975184,
2518,990,-75.250768,39.975184,
2519,990,-75.250768,39.975184,
2520,990,-75.250768,39.975184,
2521,990,-75.250768,39.975184,
2522,990,-75.250768,39.975184,
2523,1005,-75.217743,39.935624,
2524,1020,-75.228946,39.943319,
2525,1036,-75.232651,39.944722,
2526,1044,-75.249056,39.975220,
2527,1059,-75.227772,39.943198,
2528,1063,-75.220729,39.940497,
2529,1106,-75.215234,39.940364,
2530,1109,-75.220683,39.943377,
2531,1142,-75.227680,39.945051,
2532,1149,-75.231590,39.975155,
2533,1180,-75.228774,39.950456,
2534,1314,-75.188342,39.962515,
2535,1369,-75.197318,39.962140,
2536,1414,-75.220729,39.940497,
2537,1480,-75.230751,39.943489,
2538,1578,-75.230801,39.947103,
2539,1614,-75.239533,39.971353,
2540,1628,-75.194444,39.962420,
2541,1700,-75.222233,39.948900,
2542,1803,-75.245062,39.953744,
2543,1806,-75.227054,39.936418,
2544,1837,-75.128923,40.043576,
2545,2109,-75.221230,39.943586,
2546,2138,-75.215234,39.940364,
2547,2153,-75.126811,39.973061,
2548,2158,-75.225219,39.945046,
2549,2362,-75.227612,39.943354,
2550,2412,-75.225743,39.943916,
2551,2667,-75.231922,39.943947,
2552,2849,-75.246204,39.960252,
2553,4024,-75.239000,39.981100,
2554,4140,-75.132953,39.969351,
2555,4169,-75.231783,39.942599,
2556,4806,-75.233765,39.953577,
2557,4882,-75.223692,39.942177,
2558,32,-75.153180,39.944831,
2559,35,-75.153022,39.944817,
2560,71,-75.152899,39.944748,
2561,46,-75.267257,39.975861,
2562,100,-75.266181,39.976124,
2563,33,-75.267257,39.975861,
2564,4450,-75.250384,39.975663,
2565,557,-75.195044,39.967098,
2566,40,-75.207358,40.023002,
2567,120,-75.207288,40.022360,
2568,69,-75.206804,40.023068,
2569,56,-75.170096,40.073049,
2570,98,-75.170084,40.074072,
2571,244,-75.197252,40.045889,
2572,93,-75.197480,40.045977,
2573,59,-75.238709,39.964184,
2574,134,-75.238667,39.964223,
2575,1208,-75.244181,39.958828,
2576,1498,-75.250667,39.938577,
2577,120,-75.165880,39.982347,
2578,260,-75.166211,39.982470,
2579,182,-75.171479,39.984437,
2580,231,-75.165930,39.982405,
2581,278,-75.165833,39.982493,
2582,187,-75.165726,39.982366,
2583,217,-75.204613,39.946337,
2584,167,-75.204673,39.946412,
2585,110,-75.204793,39.946256,
2586,169,-75.204530,39.946320,
2587,150,-75.204936,39.946412,
2588,1878,-75.119344,39.976825,
2589,1332,-75.119378,39.977119,
2590,728,-75.119220,39.977297,
2591,971,-75.119280,39.977358,
2592,1578,-75.118961,39.977819,
2593,112,-75.118942,39.977859,
2594,481,-75.118487,39.978585,
2595,670,-75.118474,39.978596,
2596,499,-75.118339,39.978345,
2597,1669,-75.118294,39.978374,
2598,2433,-75.117715,39.977800,
2599,1169,-75.118483,39.976686,
2600,1462,-75.119683,39.976399,
2601,711,-75.120196,39.978282,
2602,1031,-75.120327,39.978166,
2603,1011,-75.118762,39.978889,
2604,172,-75.119762,39.976856,
2605,1341,-75.119495,39.977199,
2606,117,-75.118815,39.979351,
2607,336,-75.118792,39.979189,
2608,114,-75.127671,39.971978,
2609,98,-75.127531,39.972029,
2610,77,-75.127990,39.971880,
2611,143,-75.129260,39.974111,
2612,150,-75.118150,39.977158,
2613,79,-75.117900,39.977218,
2614,32,-75.153000,39.945000,
2615,35,-75.153000,39.945000,
2616,70,-75.153000,39.945000,
2617,46,-75.268040,39.975750,
2618,33,-75.267340,39.975730,
2619,100,-75.266180,39.976190,
2620,4450,-75.250470,39.975450,
2621,557,-75.195010,39.967050,
2622,588,-75.251004,39.975554,
2623,678,-75.251017,39.975424,
2624,375,-75.251024,39.975705,
2625,267,-75.250797,39.975605,
2626,1260,-75.250433,39.975254,
2627,40,-75.207358,40.023002,
2628,120,-75.207288,40.022360,
2629,69,-75.206804,40.023068,
2630,56,-75.170096,40.073049,
2631,98,-75.170084,40.074072,
2632,244,-75.197252,40.045884,
2633,93,-75.197481,40.045658,
2634,240,-75.248862,39.907578,
2635,150,-75.249403,39.907342,
2636,30,-75.248396,39.907229,
2637,370,-75.248057,39.908017,
2638,105,-75.248485,39.907644,
2639,287,-75.177643,40.002720,
2640,325,-75.177550,40.002738,
2641,25,-75.177569,40.002292,
2642,110,-75.232871,39.939796,
2643,120,-75.232922,39.939674,
2644,448,-75.156183,39.964905,
2645,1084,-75.156659,39.965329,
2646,416,-75.156536,39.964951,
2647,246,-75.183894,39.985327,
2648,635,-75.155787,39.916660,
2649,354,-75.155755,39.916686,
2650,269,-75.155973,39.916765,
2651,568,-75.152465,40.030692,
2652,184,-75.151991,40.031255,
2653,532,-75.151998,40.031222,
2654,331,-75.129130,40.029444,
2655,240,-75.129130,40.029496,
2656,151,-75.129605,40.029892,
2657,110,-75.051113,40.039791,
2658,109,-75.051200,40.039572,
2659,131,-75.052086,40.039023,
2660,179,-75.085012,40.011684,
2661,102,-75.085980,40.012140,
2662,51,-75.028822,40.088559,
2663,222,-75.138879,40.006766,
2664,261,-75.138285,40.007454,